Experiment Name:,,Exp_20240715_1,,,,,,,,,,,,,,,,,,,,,,,,,,,,,,,,,,,,,,,,,,,,,,,,,,,,,,,,,,,,,,,,,,,,,,,,,,,,,,,,,,,,,,,,,,,,,,,,,,,,,,,,,,,,,,,,,,,,,,,,,,,,,,,,,,,,,,,,,,,,,,,,,,,,,,,,,,,,,,,,,,,,,,,,,,,,,,,,,,
,,,,,,,,,,,,,,,,,,,,,,,,,,,,,,,,,,,,,,,,,,,,,,,,,,,,,,,,,,,,,,,,,,,,,,,,,,,,,,,,,,,,,,,,,,,,,,,,,,,,,,,,,,,,,,,,,,,,,,,,,,,,,,,,,,,,,,,,,,,,,,,,,,,,,,,,,,,,,,,,,,,,,,,,,,,,,,,,,,,,
Tube Name:,Station,Depth,Abort(%):,Absolute Count:,All Events ,Include Events,Low Chlorophyll Events,Autotrophic (Hi Chl) Events,Small Autotrophs (Cyanobacteria) Events,Large Autotrophs (PicoEuks) Events,H1-UR Events,H1-UL Events,Heterotrophic Bacteria Events,Hoechst Junk Events,LowPECyanos Events,HighPECyanos Events,Chlorophyll Junk Events,True Autotrophs Events,H2-LL Events,H2-LR Events,All Events  Mean FSC-H,Include Mean FSC-H,Low Chlorophyll Mean FSC-H,Autotrophic (Hi Chl) Mean FSC-H,Small Autotrophs (Cyanobacteria) Mean FSC-H,Large Autotrophs (PicoEuks) Mean FSC-H,H1-UR Mean FSC-H,H1-UL Mean FSC-H,Heterotrophic Bacteria Mean FSC-H,Hoechst Junk Mean FSC-H,LowPECyanos Mean FSC-H,HighPECyanos Mean FSC-H,Chlorophyll Junk Mean FSC-H,True Autotrophs Mean FSC-H,H2-LL Mean FSC-H,H2-LR Mean FSC-H,All Events  Mean SSC-H,Include Mean SSC-H,Low Chlorophyll Mean SSC-H,Autotrophic (Hi Chl) Mean SSC-H,Small Autotrophs (Cyanobacteria) Mean SSC-H,Large Autotrophs (PicoEuks) Mean SSC-H,H1-UR Mean SSC-H,H1-UL Mean SSC-H,Heterotrophic Bacteria Mean SSC-H,Hoechst Junk Mean SSC-H,LowPECyanos Mean SSC-H,HighPECyanos Mean SSC-H,Chlorophyll Junk Mean SSC-H,True Autotrophs Mean SSC-H,H2-LL Mean SSC-H,H2-LR Mean SSC-H,All Events  Mean SybrGreen-H,Include Mean SybrGreen-H,Low Chlorophyll Mean SybrGreen-H,Autotrophic (Hi Chl) Mean SybrGreen-H,Small Autotrophs (Cyanobacteria) Mean SybrGreen-H,Large Autotrophs (PicoEuks) Mean SybrGreen-H,H1-UR Mean SybrGreen-H,H1-UL Mean SybrGreen-H,Heterotrophic Bacteria Mean SybrGreen-H,Hoechst Junk Mean SybrGreen-H,LowPECyanos Mean SybrGreen-H,HighPECyanos Mean SybrGreen-H,Chlorophyll Junk Mean SybrGreen-H,True Autotrophs Mean SybrGreen-H,H2-LL Mean SybrGreen-H,H2-LR Mean SybrGreen-H,All Events  Mean Chlorophyll-H,Include Mean Chlorophyll-H,Low Chlorophyll Mean Chlorophyll-H,Autotrophic (Hi Chl) Mean Chlorophyll-H,Small Autotrophs (Cyanobacteria) Mean Chlorophyll-H,Large Autotrophs (PicoEuks) Mean Chlorophyll-H,H1-UR Mean Chlorophyll-H,H1-UL Mean Chlorophyll-H,Heterotrophic Bacteria Mean Chlorophyll-H,Hoechst Junk Mean Chlorophyll-H,LowPECyanos Mean Chlorophyll-H,HighPECyanos Mean Chlorophyll-H,Chlorophyll Junk Mean Chlorophyll-H,True Autotrophs Mean Chlorophyll-H,H2-LL Mean Chlorophyll-H,H2-LR Mean Chlorophyll-H,All Events  Mean V-SSC-H,Include Mean V-SSC-H,Low Chlorophyll Mean V-SSC-H,Autotrophic (Hi Chl) Mean V-SSC-H,Small Autotrophs (Cyanobacteria) Mean V-SSC-H,Large Autotrophs (PicoEuks) Mean V-SSC-H,H1-UR Mean V-SSC-H,H1-UL Mean V-SSC-H,Heterotrophic Bacteria Mean V-SSC-H,Hoechst Junk Mean V-SSC-H,LowPECyanos Mean V-SSC-H,HighPECyanos Mean V-SSC-H,Chlorophyll Junk Mean V-SSC-H,True Autotrophs Mean V-SSC-H,H2-LL Mean V-SSC-H,H2-LR Mean V-SSC-H,All Events  Mean Violet660-H,Include Mean Violet660-H,Low Chlorophyll Mean Violet660-H,Autotrophic (Hi Chl) Mean Violet660-H,Small Autotrophs (Cyanobacteria) Mean Violet660-H,Large Autotrophs (PicoEuks) Mean Violet660-H,H1-UR Mean Violet660-H,H1-UL Mean Violet660-H,Heterotrophic Bacteria Mean Violet660-H,Hoechst Junk Mean Violet660-H,LowPECyanos Mean Violet660-H,HighPECyanos Mean Violet660-H,Chlorophyll Junk Mean Violet660-H,True Autotrophs Mean Violet660-H,H2-LL Mean Violet660-H,H2-LR Mean Violet660-H,All Events  Mean PE-H,Include Mean PE-H,Low Chlorophyll Mean PE-H,Autotrophic (Hi Chl) Mean PE-H,Small Autotrophs (Cyanobacteria) Mean PE-H,Large Autotrophs (PicoEuks) Mean PE-H,H1-UR Mean PE-H,H1-UL Mean PE-H,Heterotrophic Bacteria Mean PE-H,Hoechst Junk Mean PE-H,LowPECyanos Mean PE-H,HighPECyanos Mean PE-H,Chlorophyll Junk Mean PE-H,True Autotrophs Mean PE-H,H2-LL Mean PE-H,H2-LR Mean PE-H,All Events  Mean R-Phycocyanin-H,Include Mean R-Phycocyanin-H,Low Chlorophyll Mean R-Phycocyanin-H,Autotrophic (Hi Chl) Mean R-Phycocyanin-H,Small Autotrophs (Cyanobacteria) Mean R-Phycocyanin-H,Large Autotrophs (PicoEuks) Mean R-Phycocyanin-H,H1-UR Mean R-Phycocyanin-H,H1-UL Mean R-Phycocyanin-H,Heterotrophic Bacteria Mean R-Phycocyanin-H,Hoechst Junk Mean R-Phycocyanin-H,LowPECyanos Mean R-Phycocyanin-H,HighPECyanos Mean R-Phycocyanin-H,Chlorophyll Junk Mean R-Phycocyanin-H,True Autotrophs Mean R-Phycocyanin-H,H2-LL Mean R-Phycocyanin-H,H2-LR Mean R-Phycocyanin-H,All Events  Events/μL(B),Include Events/μL(B),Low Chlorophyll Events/μL(B),Autotrophic (Hi Chl) Events/μL(B),Small Autotrophs (Cyanobacteria) Events/μL(B),Large Autotrophs (PicoEuks) Events/μL(B),H1-UR Events/μL(B),H1-UL Events/μL(B),Heterotrophic Bacteria Events/μL(B),Hoechst Junk Events/μL(B),LowPECyanos Events/μL(B),HighPECyanos Events/μL(B),Chlorophyll Junk Events/μL(B),True Autotrophs Events/μL(B),H2-LL Events/μL(B),H2-LR Events/μL(B),All Events  Events/μL(V),Include Events/μL(V),Low Chlorophyll Events/μL(V),Autotrophic (Hi Chl) Events/μL(V),Small Autotrophs (Cyanobacteria) Events/μL(V),Large Autotrophs (PicoEuks) Events/μL(V),H1-UR Events/μL(V),H1-UL Events/μL(V),Heterotrophic Bacteria Events/μL(V),Hoechst Junk Events/μL(V),LowPECyanos Events/μL(V),HighPECyanos Events/μL(V),Chlorophyll Junk Events/μL(V),True Autotrophs Events/μL(V),H2-LL Events/μL(V),H2-LR Events/μL(V)
02-Well-A02,A1,5,0.57,Beads Population=#### Beads Count=1 Sample Volume=1μL,57872,48992,37464,11528,10917,128,9,28,35873,1554,10774,143,483,11045,0,0,4880.4,4258,3423.1,6971.4,3454.2,48865.2,12038.6,7286.8,3292.8,6310.8,3435.9,4836.9,75365.5,3980.5,####,####,8600.4,6845.6,2475.5,21048,2111.7,60321,42269.4,10818.8,1745.1,18955.2,2023.3,8771.5,438648,2786.3,####,####,2308.2,2036.4,1266.6,4538.3,3346.8,68688.5,5106.9,7607.1,1253.8,1426.2,3128.7,19777.4,14468.6,4104,####,####,1413.2,1208.6,278,4232.7,1351.4,246177.9,466.2,419.1,277,298,1210.6,11965.7,5239.1,4188.7,####,####,211631.4,185532.6,156857.9,278720.3,133240.2,2337181.8,2521059.5,743206.4,125700.1,851856.9,127224.3,586493.8,3021417.5,158781.6,####,####,443.8,396.4,310.8,674.6,396.5,16902.2,1541.9,1022,310.3,301.5,395.3,485.5,2660.2,587.8,####,####,412.5,401.9,361,534.7,446,8001.9,354.1,378.1,361,361.3,366.8,6414.8,560.3,533.6,####,####,559.7,504.5,296.5,1180.6,439.2,63143.3,310.4,327.9,296.5,294.4,409.1,2704.1,1516.8,1165.9,####,####,####,####,####,####,####,####,####,####,####,####,####,####,####,####,####,####,770.88,820.25,499.04,153.56,145.42,1.71,0.12,0.37,477.85,20.7,143.52,1.9,6.43,147.13,0,0
02-Well-A03,A1,25,0.57,Beads Population=#### Beads Count=1 Sample Volume=1μL,54364,48353,37151,11202,10382,135,11,35,35468,1637,10249,133,685,10517,0,0,5339,4706,3402.4,9029.4,3453.9,53864.3,11948.2,7262.7,3287.9,5742.7,3438.2,4666.4,84695.8,4101,####,####,11049.6,9092.5,2549.9,30791,2102.5,61895.1,31669.7,10168.5,1739.8,19742.4,2021.6,8337.6,459469.9,2870,####,####,2709,2278.2,1196.7,5864.7,3834.8,110388.9,5851.8,8366.9,1181.6,1339.1,3496,29938.9,16031,5202.6,####,####,1396,1322.6,279.6,4781.4,1371.7,268042.8,447.5,422.1,278.6,298.1,1217.3,13264.9,4576.8,4794.8,####,####,232750,207798.5,163409.4,355013.4,135467.4,2342020.5,2377220,790794.2,125793.5,950122.6,130069.9,551399.3,3290897.8,163791.5,####,####,447.1,417.5,314.2,760.2,402.7,15881.6,1142.3,1930.7,312.7,306.7,401.5,492.3,3199.6,601.4,####,####,450.7,438.4,361.7,693,454,18397.5,354.3,394.9,361.7,360.1,368.8,7021.6,826,684.4,####,####,529.7,512.5,296.7,1228,443.3,61830.6,285.6,306.2,297,290.7,413.3,2754.7,1176.7,1231.3,####,####,####,####,####,####,####,####,####,####,####,####,####,####,####,####,####,####,724.25,809.68,494.93,149.24,138.31,1.8,0.15,0.47,472.51,21.81,136.54,1.77,9.13,140.11,0,0
02-Well-A04,A1,45,2.05,Beads Population=#### Beads Count=1 Sample Volume=1μL,90473,89719,81440,8279,4051,49,4,12,12603,68821,3969,82,4179,4100,0,0,47008.3,47156.3,44181.3,76420.8,3220.2,69685.2,9817.8,7599.2,3027.6,51726,3191.6,4601.2,147458.3,4014.5,####,####,378825.1,381211.9,357661.6,612874.4,2976.3,68094.1,43779.4,11950.1,2095.3,422854,2800.4,11493.8,1210479.4,3754.6,####,####,1594.2,1438.2,794.5,7770.6,6485.6,91413.2,9296.2,11356.4,1644.5,636.5,4432,105881.5,8035.5,7500.6,####,####,641.2,591.2,275.9,3693.4,1590.7,213109.7,513.5,466.1,280.6,275,1374.1,12075.9,3276.3,4118.6,####,####,4149543.5,4171151.5,4377218.5,2144085.8,230988,3082412.3,2424093,905086.3,181879,5146218.5,218925.7,814832.5,3987584.3,265066,####,####,476.9,471.2,408.3,1089.3,420.8,17796.4,1560,1375.1,307.4,426.6,419.8,470.6,1541.3,628.5,####,####,402.7,400.8,377.6,629.3,477.7,11033.8,338,407.9,361.2,380.6,368.7,5750.7,654.3,603.8,####,####,377.7,370.1,297.6,1083.7,514.4,56285.3,251.9,323.4,297.6,297.6,470.6,2634.4,988.3,1180.9,####,####,####,####,####,####,####,####,####,####,####,####,####,####,####,####,####,####,1206.05,1505.48,1085.63,110.36,54,0.65,0.05,0.16,168,917.42,52.91,1.09,55.71,54.65,0,0
02-Well-A05,A1,75,1.02,Beads Population=#### Beads Count=1 Sample Volume=1μL,95353,79809,66341,13468,10968,90,3,19,30917,35402,10843,125,2410,11058,0,0,38429,38784.6,33318.8,65708,3324.4,51958.6,8934.1,32602,3161.2,59658.3,3306,4917.4,350131.7,3720.2,####,####,248126.1,249218.8,220657.9,389904.8,2284.1,59503.9,29592.9,11305.2,1745.9,411965,2196.3,9892.5,2166320,2749.8,####,####,1917.5,1643.6,897.9,5316.6,4211,55827.4,9297.3,8701.1,1190.3,637.6,3544.4,62032.2,8462.1,4631.1,####,####,1063.6,1000.9,273.3,4584.7,1994.4,329621.1,396.4,426.6,272.4,274,1714.8,26246.2,4234.9,4660.9,####,####,2612077.5,2466825.3,2793930.8,855560.6,142516.4,2557994,1973619.3,856110.3,131618.8,5120070,136427,670727.8,4037075.3,162175.7,####,####,534.3,531.4,359.4,1378.5,397.3,18624.5,942.7,1105.8,309.7,402.4,394.1,674.5,5200.2,545.6,####,####,420,415.6,371.6,632.2,518.8,6744.3,333.6,417.1,361.8,380.1,368.4,13564.1,920.3,569.4,####,####,451.6,435.2,296.5,1118.3,509,75422.4,372.9,326.5,296.3,296.6,460.4,4731.5,1116.2,1118.8,####,####,####,####,####,####,####,####,####,####,####,####,####,####,####,####,####,####,1270.71,1336.94,884.09,179.48,146.16,1.2,0.04,0.25,412.01,471.78,144.5,1.67,32.12,147.36,0,0
02-Well-A06,A1,100,0.95,Beads Population=#### Beads Count=1 Sample Volume=1μL,54190,45498,35360,10138,9384,334,7,14,34267,1072,9269,115,420,9718,0,0,5050.9,4650.8,3265.8,9481.3,3681.4,42913.3,13212.2,5366.5,3138,7258.4,3640.6,6972.3,112480.5,5029.8,####,####,11068.2,8659.4,2666.4,29562,4223.3,46685,89199,9821.6,1629.5,35153,4119.3,12609.4,582082.8,5682.7,####,####,2193.4,1945,1051.1,5062.7,3876.4,23384.5,6884.4,6895.5,1042.7,1206.3,2440.8,119583.9,16998.1,4546.9,####,####,6079.5,6178.9,271.4,26783.7,10724.8,488008.2,387.1,395.5,270.5,297.8,9464.5,112307.9,18800.7,27128.7,####,####,226278.2,192035.4,145118.5,355675.4,178731.8,1576698.4,2187173,739505.1,119328.6,948406.8,172613.8,671842.4,3338098.3,226778.8,####,####,560.8,548.7,310.3,1380.5,618.5,16578.8,2200.7,1215.1,310.1,291.7,599.8,2121.5,6320.6,1167,####,####,539.3,534.7,363.4,1132.1,1029.8,4335.6,353.9,380.4,363.4,362.6,382.5,53205.6,868.4,1143.5,####,####,1295.1,1321.6,294.1,4905.6,1652,87546.5,319.2,327.3,294.1,293.9,1442.1,18572.9,11880.6,4604.1,####,####,####,####,####,####,####,####,####,####,####,####,####,####,####,####,####,####,722.48,762.6,471.43,135.16,125.11,4.45,0.09,0.19,456.86,14.29,123.58,1.53,5.6,129.56,0,0
02-Well-A07,A1,125,1.37,Beads Population=#### Beads Count=1 Sample Volume=1μL,111759,96269,90222,6047,2790,164,5,12,19376,70829,2779,11,3093,2954,0,0,72524.9,75240.9,56985.8,347608.8,4610.3,47883,12041.4,5977.2,3000.9,71765.8,4594.9,8481.7,672898.6,7012.7,####,####,479671.6,498638,395716,2034247.4,9978.9,72482.8,29046.5,12256.1,1699.2,503594.2,9969.9,12263.2,3964230.8,13449,####,####,1139.1,943.1,680.4,4861.8,2273.6,17053.2,8761.9,5818.8,1104.4,563,1928.5,89442.9,6550,3094.1,####,####,2060.2,2066.1,273.6,28810,24737.4,577965.1,460.7,355.4,271.3,274.2,24363.6,119159.4,3365.8,55451.4,####,####,4184741.5,4177712.3,4255986.5,3009853,367638.6,2053943.3,1980941.8,872533.9,135488,5383925,366664.5,613734.1,5443913,461258.8,####,####,711.4,707.3,376.3,5644.8,1008,16321.4,2294,1025.7,314.1,393.1,1002.8,2328,9261.2,1858.2,####,####,431.4,429.1,382.3,1127.9,654.8,3914,360.7,408.2,363.1,387.5,417.1,60698.2,1407,835.7,####,####,559.2,546,296.3,4271.2,2993.8,92602.4,361.3,339.4,295.1,296.6,2921.2,21342,739.9,7968.7,####,####,####,####,####,####,####,####,####,####,####,####,####,####,####,####,####,####,1489.31,1612.63,1202.31,80.58,37.18,2.19,0.07,0.16,258.21,943.87,37.03,0.15,41.22,39.37,0,0
02-Well-A08,A1,150,0.9,Beads Population=#### Beads Count=1 Sample Volume=1μL,32304,29179,27981,1198,493,29,4,9,11435,16533,481,12,676,522,0,0,41441.6,41337,35772.6,171300.7,5502.4,33019.9,7552.8,5080.5,3034.4,58439.4,5504.6,5413.7,298147.9,7031.1,####,####,344777.2,347684,305367.8,1336038.6,12949.5,42168.2,27759.7,11549.8,1791,515563,12883.3,15601.9,2356460.5,14572.7,####,####,1618.1,1098.1,778.4,8564.2,9742.4,31120.4,12906.4,7787.3,1049.7,584,1622.4,335220.2,6737.2,10930.1,####,####,1436,1203.6,272.4,22952.3,30708.7,363878.3,490.1,407.9,270.3,273.7,30766.6,28387.6,2670.2,49218.1,####,####,3086955,3102796.3,3112320.3,2880351.8,398821.8,1600501.9,1702961.5,780727.4,135855.2,5172593.5,384035.4,991507.8,4745011.5,465581.8,####,####,461.5,417.7,352.4,1943.3,1158.5,10271.7,1387.8,1314.6,316.7,376.3,1171.2,649.1,2158.4,1664.8,####,####,400.2,395.1,379.9,750,662,844.6,379.3,459,363.3,391.3,429.7,9974.8,810.1,672.2,####,####,479.7,409.4,296.8,3039.7,3366.7,50024,283.6,232.5,295.7,297.6,3341,4396.4,785.7,5958.8,####,####,####,####,####,####,####,####,####,####,####,####,####,####,####,####,####,####,430.43,488.71,372.83,15.96,6.57,0.39,0.05,0.12,152.36,220.29,6.41,0.16,9.01,6.96,0,0
02-Well-A09,A1,175,0.86,Beads Population=#### Beads Count=1 Sample Volume=1μL,37717,24748,23409,1339,145,12,2,9,10984,12414,141,4,1182,157,0,0,78971.7,91961.3,45968.7,896023.1,5499.9,50156.1,12266.9,6934.2,3041,83985.3,5483.9,6060.9,1013854.2,8913.1,####,####,435951,511182.6,310041.4,4027623.3,10264.2,53094,32613.2,10809.6,1768.8,583064.9,10163.9,13801,4560797,13537.8,####,####,1651.3,1345.1,803.5,10814.2,15996.1,39304.8,13996.9,7330.6,1053.8,575.1,3310.3,463169.4,9889.2,17777.6,####,####,913.1,861.1,274.9,11109.2,23839.2,590495.1,645.3,381.4,271.9,277.4,24074.2,15558.5,3665.4,67150.5,####,####,3356622.5,2985390,2876005,4897710,320933.7,1548840.9,2475260,832880.1,132411.5,5305103,302369.7,975313.6,5493157.5,414786.4,####,####,1157.7,1087.2,337.3,14197.2,956.6,15296,2045.4,1535.5,317.5,353.6,969.9,489.1,15810.3,2052.7,####,####,487.8,495.1,379.4,2516.5,450.3,15034,378.3,414.3,364,393.1,406.7,1985.7,2642.9,1565,####,####,423.6,378,296.9,1795.7,2531.3,84693.6,326.5,279.5,295.4,298.3,2564.1,1375.6,863.9,8811.2,####,####,####,####,####,####,####,####,####,####,####,####,####,####,####,####,####,####,502.54,414.48,311.9,17.84,1.93,0.16,0.03,0.12,146.35,165.4,1.88,0.05,15.75,2.09,0,0
02-Well-A10,A1,250,0.47,Beads Population=#### Beads Count=1 Sample Volume=1μL,23519,17263,16313,950,95,6,7,11,10175,6120,72,23,849,101,0,0,54326.4,60100.4,31085.4,558332.6,5342.1,28607.8,11487.1,4792.9,3026.4,77805.6,4495,7994,623953.9,6724.3,####,####,306459.2,342206,212014.4,2577800.5,12736.6,41682.9,76258.1,10622.5,1757.7,562100.7,7903.9,27865,2882745,14456.2,####,####,2993.2,2934.5,837.2,38948.7,174550,590616.1,2563.8,5562.5,963.7,616.5,21400.8,653973.6,19876.7,199266.8,####,####,921.2,729.6,273.9,8555.9,17787.2,179770.3,371.5,296.9,270,280.1,15351.4,25412.2,6313,27410,####,####,2397789.8,2108535,1952921.1,4780668.5,711291,2390873.5,3762112.8,660013.8,131087.4,4982123,326307.3,1916457.4,5252906,811068.2,####,####,923.6,834.4,329.6,9503.4,695.1,5274.3,2040.5,1051.5,316.3,348.4,718.8,620.7,10518.9,967.1,####,####,583.2,616.6,375,4764.7,1340.3,3084.9,398.6,376.8,364.7,392.1,414,4239.9,5159.8,1443.9,####,####,473.3,380.9,296,1838.5,2025.5,19766.5,331.3,311.7,295.5,296.8,1737.7,2926.6,1690.9,3079.4,####,####,####,####,####,####,####,####,####,####,####,####,####,####,####,####,####,####,313.55,289.33,217.48,12.67,1.27,0.08,0.09,0.15,135.65,81.59,0.96,0.31,11.32,1.35,0,0
02-Well-A11,stain,-999,0.48,Beads Population=#### Beads Count=1 Sample Volume=1μL,18833,15048,13693,1355,22,13,29,8,1106,12550,15,7,1320,35,0,0,10621.8,10036,6406.1,46717.5,6206.9,174745.3,63891.3,318225,3684.9,6314.3,5539,7638,46131.8,68806.9,####,####,29123.6,26683.7,14917.3,145588.8,15781.3,295206.6,95915.4,12695.7,2259.1,15847.1,7708,33081.3,146278.8,119567.9,####,####,2393.5,1575.6,557.5,11863.8,292384.4,78399.8,843.2,771.1,642.8,549.2,55539.2,799909.9,6533.2,212904.4,####,####,1269.2,997.9,290.8,8143.5,12134.3,574514.4,357.4,638.1,269.1,292.3,5873.5,25550.2,2499.1,221018.4,####,####,1116585.3,1102005.9,863836.1,3508838.8,1243433.9,5040494.5,4609813.5,954728.9,166178.9,916604.9,619440.8,2580562,3531511,2653770.8,####,####,1488.9,1270.2,692,7113.9,864.5,14366.4,2217.3,1337.3,358.7,717.4,977.8,621.8,7146.7,5879.5,####,####,408,377.7,362.6,530.1,974,1216.8,391.1,1005.2,361.2,362.2,407.7,2187.5,516,1064.2,####,####,531.4,435.6,292.3,1883.5,785.2,129591.6,319.1,753.9,288.6,292.3,538,1315,644.1,48627.6,####,####,####,####,####,####,####,####,####,####,####,####,####,####,####,####,####,####,250.98,252.09,182.48,18.06,0.29,0.17,0.39,0.11,14.74,167.25,0.2,0.09,17.59,0.47,0,0
02-Well-A12,blank,-999,0.39,Beads Population=#### Beads Count=1 Sample Volume=1μL,4123,3056,2349,707,63,7,1,2,110,2236,32,31,637,70,0,0,22294.6,18788,10343,46846.3,6079.8,96488.8,37510.2,1220241.1,3093.4,9605.3,4055.8,8169,50332.6,15120.7,####,####,67448.4,58957,27225.6,164384.1,19152,157327.9,127943.8,1414.3,1461.3,28471.2,5150.8,33604.9,178825.2,32969.6,####,####,14897.5,14190,839.1,58548.2,376200.1,142973.8,816.8,347,677.5,847.5,6360.5,757970.1,26204.3,352877.5,####,####,3473.8,2223,329.8,8512.9,16019.8,315134,442.6,273.4,255.7,333.5,7732.8,24574.1,4401,45931.2,####,####,1930556.1,1868632.5,1414304.9,3378131.3,1235413.5,3766225.5,5600890.5,112996.2,114594.2,1477535.8,291844,2209420.8,3585783.8,1488494.8,####,####,805,542.6,377.8,1090,965.8,7637.1,1777.4,429.6,410.1,375.5,675.3,1265.6,1030.4,1632.9,####,####,696.1,595.1,364.6,1361,1723.6,2014.3,426.6,246.1,354.7,365.2,422,3067.3,1317.9,1752.7,####,####,1126.4,722.2,295.6,2139.4,2094.3,72186.6,440,634.3,277.1,296.2,1852.7,2343.8,1374.1,9103.6,####,####,####,####,####,####,####,####,####,####,####,####,####,####,####,####,####,####,54.94,51.19,31.3,9.42,0.84,0.09,0.01,0.03,1.47,29.8,0.43,0.41,8.49,0.93,0,0
02-Well-B01,A2,,0.56,Beads Population=#### Beads Count=1 Sample Volume=1μL,57072,47650,37657,9993,8657,554,7,35,36274,1341,8470,187,782,9211,0,0,6026.9,5452.8,3646.5,12259.3,4104,32086.2,7652.2,89275.2,3439.3,6995.7,4037.9,7098.4,88494.5,5787,####,####,13906.9,11488.4,2492.8,45386.6,5620.2,35953,45944.6,18185.9,1596.9,26091.4,5241.2,22787.3,492296.3,7444.6,####,####,6444.2,6087,1843,22079.8,16813.7,78120,1189.5,8946.3,1846.8,1560.3,5324.1,537225,40676.4,20501,####,####,7910.4,7786.3,280.7,36069.7,15538.6,399889.3,421.9,531.9,279.2,315.3,14232.5,74695.4,5612.1,38655.5,####,####,266926,228989.2,155595.3,505562.3,224996.6,1218309.5,3531910.3,738909.2,118404,1128771.1,195386.6,1566155.5,3106578,284739.9,####,####,642.2,583.9,314.4,1599.3,746.1,11953.6,2536.6,1150.8,312.6,330,734.8,1259.3,3709.3,1420.2,####,####,558.2,557.8,360.3,1302.2,1038.4,5972.3,380.8,701,360,360,378.3,30937.3,914.5,1335.1,####,####,1553.9,1462.6,294.2,5865.1,2233,69323.9,342.3,448.2,294,295.6,2035.3,11188,1117.6,6268.2,####,####,####,####,####,####,####,####,####,####,####,####,####,####,####,####,####,####,760.69,798.39,501.92,133.19,115.39,7.38,0.09,0.47,483.48,17.87,112.89,2.49,10.42,122.77,0,0
02-Well-B02,A2,5,0.58,Beads Population=#### Beads Count=1 Sample Volume=1μL,62325,52789,38015,14774,14090,161,7,21,36451,1536,13847,243,523,14251,0,0,4418,4237.8,3366.6,6479.3,3455.9,45395.6,8799.3,7215.5,3279.1,5367.9,3423.4,5310.3,75951.7,3929.7,####,####,7769.9,6748.2,2363.8,18029.6,2171.5,56362.1,37751.7,11662.3,1788.9,15718.4,2063.2,8341.8,433458,2783.7,####,####,2136.5,1954.7,1162,3994.6,2747.6,72421.6,4038.9,11224.2,1148,1342.5,2151,36746.5,16523.5,3534.8,####,####,1683.3,1546.3,274.1,4820,2026.6,253889.9,432.1,415.5,273.1,294.8,1474.3,33495.8,3403.3,4872,####,####,201656.8,179700.7,155539.2,241870.5,127567.5,2224030.8,2477484.3,873574.9,130209.1,736252.2,121117.2,495127.4,2711090.5,151252.2,####,####,441.2,411.8,312.9,666.3,415.1,14870.5,1004.6,1287.1,312.5,306.8,396.9,1454.9,3059.9,578.4,####,####,467.5,456.6,361.4,701.4,544.4,14623.4,428,402.4,361.4,360.9,365.9,10716.7,644.6,703.5,####,####,604.7,560,295.8,1239.9,583,59420.7,364.6,307.6,295.9,292.4,455.6,7844,1028.6,1247.7,####,####,####,####,####,####,####,####,####,####,####,####,####,####,####,####,####,####,830.5,884.22,506.56,196.87,187.75,2.15,0.09,0.28,485.72,20.47,184.52,3.24,6.97,189.9,0,0
02-Well-B03,A2,25,0.69,Beads Population=#### Beads Count=1 Sample Volume=1μL,60243,54702,40276,14426,13421,140,13,23,35206,5034,13184,237,865,13561,0,0,5017.1,4478.1,3499.2,7211,3443.9,51928.8,11498.3,62118.3,3306.7,4557.2,3414.7,5065,58422.4,3944.4,####,####,9187.2,7514.8,3216.4,19515.2,2399.9,63162.2,48246.7,12496.5,1865.3,12507,2294.3,8274.4,278005.6,3027.2,####,####,2267.1,1933.6,1083.3,4307.7,2764.8,103014.1,7237.2,8559.5,1091.9,973,1938.6,48721.9,12271.4,3799.7,####,####,1647.7,1538.1,276.8,5059.5,1895.6,300956.5,496.3,782.1,273.3,298.3,1581.2,19382.3,6258.1,4983,####,####,278542.4,241345.5,217578.1,307701.8,147918.6,2482917,2569587.3,985207.1,142632.2,732141.6,140680.8,550550.1,2434777.8,172024.5,####,####,453.6,419.1,309.6,724.9,410.6,16486.5,1882.4,1867,310.6,291.2,407,606.8,3050.2,576.5,####,####,453.6,451.4,361.3,703.1,540,16877.9,427.1,975.8,361.5,357.1,367.8,10118.9,615.1,708.7,####,####,578.8,548.4,296.4,1252.1,558.5,67255.6,295.3,572.5,296.9,291.3,493.2,4193.4,1329.7,1247.1,####,####,####,####,####,####,####,####,####,####,####,####,####,####,####,####,####,####,803.1,916.75,536.92,192.31,178.91,1.87,0.17,0.31,469.33,67.11,175.76,3.16,11.53,180.78,0,0
02-Well-B04,A2,45,0.58,Beads Population=#### Beads Count=1 Sample Volume=1μL,60230,51193,36792,14401,13745,186,23,28,35161,1580,13450,295,470,13931,0,0,4570.2,4092.9,3320,6067.6,3409.3,38523.4,11855.1,7390.1,3268.3,4272.2,3379.1,4782.5,70965.5,3878.1,####,####,7476.3,5431.3,2226.1,13619.9,2205.5,45164.1,32009.2,13541.6,1780.8,11502.2,2074.3,8188.3,334947.5,2779.1,####,####,2113.1,1830.5,1042.4,3844.1,2780.7,49843.1,14076.8,7438.9,1017.4,1295.8,1871.7,44222.5,16738.5,3409.1,####,####,1737.2,1603.3,273.1,5001.9,1938.4,236378,550.2,406.9,271.7,296.6,1533.3,20408.8,3028,5068.5,####,####,199046.7,178625.1,154497.8,240266.3,127113.4,2012324,1960009,980299.5,129577.8,668146.1,118425.2,523232.4,2848104.3,152283.8,####,####,439.3,413.1,311.4,673.2,396.9,15288.7,2351,1014.8,310.1,297.1,391.5,645.9,2968,595.8,####,####,462.5,441.2,362.2,642.9,597.2,4073.3,398.6,373.6,362.3,360.8,367.1,11087.8,619.5,643.6,####,####,618.1,588.7,297.8,1331.8,562,59296.2,336.7,299.7,298,293.9,469.3,4790.9,905.4,1346.2,####,####,####,####,####,####,####,####,####,####,####,####,####,####,####,####,####,####,802.8,857.78,490.4,191.95,183.21,2.48,0.31,0.37,468.66,21.06,179.27,3.93,6.26,185.69,0,0
02-Well-B05,A2,75,2.44,Beads Population=#### Beads Count=1 Sample Volume=1μL,62428,53268,39776,13492,12758,260,10,29,38067,1670,11752,1006,474,13018,0,0,4723,4410,3333.8,7582.8,3452,46634.2,13930.8,6875.7,3190.9,6466.1,3362,4503,97343.9,4314.4,####,####,9030.3,7609.6,2798.6,21793.1,2788.3,62885.3,46475.9,11084.4,1793.3,25307.8,2380,7557.6,510778.7,3988.6,####,####,2375.3,2210.5,1132.2,5389.5,3962.6,54703.7,12567.6,9033,1114,1340.5,1769.8,29578.6,16745.6,4976,####,####,3293.6,3244.5,272.5,12006.5,4808.4,354345.1,592.4,421.3,271.4,291.6,2720.8,29195.7,17969,11789.4,####,####,209206.1,185466.9,155020.4,275227,146472.2,2109892.5,3004305.3,773203.8,126400.4,779605.1,119604.1,460342.4,2734384,185686.3,####,####,526.3,467.9,307.4,941.3,447.1,19448.3,3008.4,1084.2,306.8,291.8,411.3,865.1,4090.2,826.6,####,####,760,758.7,363.5,1923.7,1683.3,15306.5,361.3,398.2,363.5,362.8,369.5,17030.7,1053.4,1955.4,####,####,1035.9,959.4,297.8,2910,1232.9,83334.3,293.4,314.8,298,292.2,649.6,8047.6,3935.3,2872.7,####,####,####,####,####,####,####,####,####,####,####,####,####,####,####,####,####,####,831.72,892.03,529.93,179.75,169.97,3.46,0.13,0.39,507.16,22.25,156.57,13.4,6.32,173.44,0,0
02-Well-B06,A2,100,0.59,Beads Population=#### Beads Count=1 Sample Volume=1μL,33310,32133,25385,6748,6158,226,4,39,24522,820,6082,76,364,6384,0,0,4591.5,4112.8,3146.9,7746.5,3673.9,42050.3,17868.1,5840.5,3059.7,5553.6,3632.4,6994,55346.7,5032.5,####,####,8153.7,6082.7,2433.5,19810.3,4834.9,47595.1,29705.2,8126.1,1678.9,24597.3,4720.6,13983.9,255906.3,6348.7,####,####,2783.1,2207.6,1101.7,6367.9,4099.7,24063.8,9892.5,3829.3,1081.3,1537.5,2054.2,167798.4,33754,4806.5,####,####,6597.6,6467.3,272.1,29772.6,12437.5,533876.1,508,349,270.8,306.3,11343.4,99994.6,10053,30897,####,####,240087.7,200336.2,149136,392943.9,183446.1,1515131.6,2094492.4,567443.1,123521.7,885744.4,175379,829030.6,3240396.5,230589.1,####,####,538.4,514.6,316.2,1261.2,643.5,16233,2028.8,1600.7,314.6,292.1,628.6,1840.2,2414.6,1195.4,####,####,530.8,522.3,364,1118,943.5,6204.4,363.9,374,363.9,366.8,382.3,45851.3,912.7,1129.7,####,####,1262.5,1255.8,294,4874.1,1907.7,90988.4,289.7,326,294,291.2,1718.2,17070.4,1592.1,5061.2,####,####,####,####,####,####,####,####,####,####,####,####,####,####,####,####,####,####,444.09,538.57,338.43,89.96,82.1,3.01,0.05,0.52,326.93,10.93,81.09,1.01,4.85,85.11,0,0
02-Well-B07,A2,125,0.66,Beads Population=#### Beads Count=1 Sample Volume=1μL,32792,27751,24842,2909,2112,124,21,69,22505,2247,2096,16,673,2236,0,0,6389.3,5191.1,3352.5,20892.4,5013.5,54096.6,10514.6,5784.2,3072.6,6013.7,4990.4,8042,64605.5,7735.5,####,####,17503.6,13340.5,4262.2,90865.9,10383.5,56696.6,29153.2,9304.2,1698.2,29554.6,10305.9,20543.4,349730.6,12951.8,####,####,2582.2,2075.8,1341.5,8346.1,4818,18343,7442.7,4025.5,1161.7,3002.8,1719.4,410729.1,17576.1,5568,####,####,5580.6,5655.9,279,51572.9,29591.2,685722.8,546.6,369.3,273,334.1,29229,77040.4,3713.7,65977.8,####,####,395681.3,317086,230320.4,1058038.4,295778.3,1784343.3,2182689.3,663872.9,126220.7,1241378.9,287685.2,1355972.9,3316331.8,378328.4,####,####,564.9,525.1,319.4,2281.4,1143.4,18522.4,2006.5,1301.8,316.2,305.9,1141.6,1380.9,2859.9,2107.2,####,####,439.9,429.8,363.4,996.7,650.9,8090.9,403.5,383.3,363.6,360.5,408.2,32439.9,775,1063.5,####,####,1063,1039.3,295.1,7395.3,3627.8,106279.6,321,331.6,294.8,296.4,3556.5,12974.6,999,9320.5,####,####,####,####,####,####,####,####,####,####,####,####,####,####,####,####,####,####,437.02,464.91,331.07,38.77,28.15,1.65,0.28,0.92,299.93,29.95,27.93,0.21,8.97,29.8,0,0
02-Well-B08,A2,150,0.84,Beads Population=#### Beads Count=1 Sample Volume=1μL,20855,17185,16169,1016,750,57,7,9,15379,774,735,15,209,807,0,0,6303.9,5054.8,3305.8,32888.6,5667.9,43514.6,14065.4,5427.6,3055.4,8158.3,5587.3,9619,127672.6,8341.1,####,####,14264,10779,3133,132459.7,12913.8,47960.7,30954.2,9024.3,1717.9,30930.4,12410.4,37578.6,584497.6,15389.2,####,####,2707.9,2044.4,965.8,19209.6,20679,5214.2,13168.6,6511.2,947.9,1145.6,1468,962020.4,17753.6,19586.7,####,####,3659.4,3484.8,270.6,54636.1,33933.8,484146.5,478.8,365.5,269.5,288.9,33778.6,41542.2,11787.3,65733.3,####,####,328840,239752.5,184479.6,1119386.5,371886.2,1535078.5,2196751.5,597782.3,128196.5,1279792.8,328431.4,2501171.8,3688433.5,454044.8,####,####,560.7,462.6,316.4,2788,1295.8,13006,3187.5,1064.2,315.4,303.1,1299.9,1095,5356.1,2122.9,####,####,409.2,388.2,364.5,764.6,637.4,510.4,357.2,365.7,364.4,366.3,412,11681.8,1290.7,628.4,####,####,827.4,713.6,295.6,7364.8,3883.2,68056,316.2,333.4,295.5,297.2,3801.1,7904.4,3306.6,8415.8,####,####,####,####,####,####,####,####,####,####,####,####,####,####,####,####,####,####,277.99,287.97,215.53,13.54,10,0.76,0.09,0.12,205,10.32,9.8,0.2,2.79,10.76,0,0
02-Well-B09,A2,175,0.8,Beads Population=#### Beads Count=1 Sample Volume=1μL,15831,12842,12393,449,166,19,9,9,11690,685,159,7,264,185,0,0,7550.6,6117.5,3461.7,79421.6,5361.6,44681.6,13299.9,5929.7,3175.1,8191.2,5291.4,6954.4,128489.9,9399.8,####,####,22367.4,18308.3,3941.3,414856.1,11412.4,61624.7,35935.9,9379.1,1748.9,40864.4,11175.9,16784.2,693958.5,16569.4,####,####,2460.3,1842.6,1048.2,23768.1,27597.5,24742.7,10102.8,3896.5,1036.9,1085,1704.6,615736,21290.1,27304.3,####,####,1756.8,1521.6,272.9,35986.8,27241.1,478872.2,427.1,348.8,270.8,305.2,27298,25948.1,9611.6,73624.8,####,####,396274.8,287462.1,201569.8,2658203.5,348745.5,1921727.1,2479522.8,598417.9,129991.3,1387963.8,315074.2,1113566.1,4163366.8,510295,####,####,611.5,456.9,320.1,4234.5,1097.4,13045.1,3526.9,1351,317.1,315,1118,629.1,5573,2324.5,####,####,418.1,384.8,364.6,941.8,612.6,1981.8,419.8,386.3,364.4,366.6,422,4941.8,1074,753.2,####,####,604.6,498.3,296,6082.8,3131.8,72248.2,363.7,364,296,294,3115.8,3496,3176.5,10230.3,####,####,####,####,####,####,####,####,####,####,####,####,####,####,####,####,####,####,210.97,215.13,165.15,5.98,2.21,0.25,0.12,0.12,155.79,9.13,2.12,0.09,3.52,2.47,0,0
02-Well-B10,A2,250,0.88,Beads Population=#### Beads Count=1 Sample Volume=1μL,14576,11354,10903,451,139,8,7,12,10165,719,81,58,304,147,0,0,8366.5,5833.9,3503.5,62172.4,5882.1,35354.4,12468.7,46209,3071.7,8808.6,4950.1,7183.7,88616.1,7486.1,####,####,20289.6,13852.8,3370.7,267259.8,15958.4,37822.4,35302.1,8092.5,1801.5,25164.8,9081.6,25562.2,388202,17148.3,####,####,5854.9,5533,963.9,115989.9,306880.3,307997.7,12209.5,7376.6,943.4,1037.2,2071.4,732561.8,23655,306941.1,####,####,1472.7,942.3,272.6,17132.5,24735.3,326630,491.9,374.5,269.6,310.1,22416.2,27974.1,5511.6,41164.9,####,####,514776.2,345053,222763.1,3301433,918710.3,2128155.3,2452062.5,578501.9,132568.6,1470263.5,280530.6,1809961.3,4421777.5,984530.4,####,####,781.5,455.4,330.5,3474.2,801.9,9024.6,2088.1,1324.4,322.1,416.4,927.3,626.8,4549.9,1249.4,####,####,455.1,403.2,365.3,1318.9,1364.7,2198.3,387.6,424.5,365.5,360.7,388.2,2728.5,1274.8,1410.1,####,####,689,381.1,296.2,2433.8,2321.1,46100.9,327.4,322.2,296,298.1,2509.1,2058.5,1336.2,4703.7,####,####,####,####,####,####,####,####,####,####,####,####,####,####,####,####,####,####,194.25,190.2,145.3,6.01,1.85,0.11,0.09,0.16,135.46,9.58,1.08,0.77,4.05,1.96,0,0
02-Well-B11,stain,-999,0.34,Beads Population=#### Beads Count=1 Sample Volume=1μL,10615,8459,7124,1335,10,8,8,3,316,6797,7,3,1317,18,0,0,13292,11915.4,6859.8,38893.9,5048.9,120145.5,54586.3,8369.4,3990.5,6936.4,3396.8,8904,38657.3,56203,####,####,38835.1,33823.8,16189.1,127928.2,9289.6,218051.7,63894.4,10670.9,2088.8,16790.9,4623.4,20177.6,128281.5,102072.8,####,####,2952.7,2320.8,514.5,11960,304594.5,10438,641.6,918.6,508.9,514.4,16011.8,977954.1,9747.3,173858.3,####,####,1696.5,1314.8,294.7,6758.2,11501,450053.8,323.9,269.2,277.9,295.4,2408,32717.8,4029.4,206413.3,####,####,1405384.1,1385980.6,981404,3544934.5,739157.9,5122079.5,3507501,642422.8,160039.5,1016766.6,384590.3,1566482.3,3556658.5,2687123,####,####,2188.6,2103.3,696.7,9609,1492.6,11170.5,1907.3,971.7,364.8,710.6,1241.7,2078,9661.1,5793.9,####,####,429.8,412.7,358.9,699.9,1425.5,1195.3,368.4,329.5,361.1,358.8,479.4,3633.2,691.4,1323.2,####,####,978.8,447.9,290.5,1288,1338.9,95260.9,306,328.7,282,290.8,769.8,2666.7,716.8,43082,####,####,####,####,####,####,####,####,####,####,####,####,####,####,####,####,####,####,141.42,141.65,94.91,17.79,0.13,0.11,0.11,0.04,4.21,90.55,0.09,0.04,17.55,0.24,0,0
02-Well-B12,blank,-999,0.11,Beads Population=#### Beads Count=1 Sample Volume=1μL,4564,3316,2743,573,22,9,0,1,212,2530,10,12,542,31,0,0,20341.4,18158.1,9879.4,57789.2,5851,162884.1,####,9074.9,3154.1,10443.2,3858.2,7511.6,58152.3,51441.3,####,####,51696.8,49346.4,21996.5,180272.7,17705,280208,####,17315.2,1584.7,23708.8,4069.9,29067.7,185212,93915.6,####,####,5173.4,4505.5,675,22842.3,379196.6,30625.8,####,746.4,630.9,678.7,52540,651410.4,8248.5,277998.6,####,####,2815.9,2176.3,317,11077.3,18373.6,435978.9,####,218.9,255.4,322.2,13929.3,22077.2,3725.6,139613.8,####,####,1802925.8,1789655,1396952.6,3669555.3,1161584.3,5581670.5,####,840923.8,123445.4,1503885.3,286854.1,1890526.1,3739603.8,2444835.3,####,####,671.6,442.2,305.8,1095.2,834.9,10367.7,####,449.4,358.9,301.3,679.9,964,951.8,3602.5,####,####,515.1,475.9,361.1,1025.8,1961.5,2481.2,####,524.5,355.4,361.5,438.4,3230.8,963.7,2112.4,####,####,986.8,671.6,291.6,2490.7,3041.2,92793,####,413.8,288.6,291.8,3435.2,2712.8,968.9,29098.2,####,####,####,####,####,####,####,####,####,####,####,####,####,####,####,####,####,####,60.83,55.56,36.56,7.64,0.29,0.12,0,0.01,2.83,33.72,0.13,0.16,7.22,0.41,0,0
02-Well-C01,B1,,0.46,Beads Population=#### Beads Count=1 Sample Volume=1μL,46938,39628,32089,7539,6891,183,2,23,30989,1075,6864,27,465,7074,0,0,5231.4,4660.9,3322,10360,3808,51053.4,7092.6,5212.5,3130.6,8792.4,3799.6,5938.4,91441,5030.2,####,####,11255.5,9251.7,2423.9,38313.7,5282.7,52430.1,44338.1,7123.3,1406.9,31560.1,5245.1,14851.1,522255,6502.4,####,####,3602.2,3096.7,1918.6,8110.9,5717,60305.6,18558.6,9417.9,1923.4,1588.5,5108.4,160441,23045.7,7129.2,####,####,5333.6,5303.3,281.6,26677.6,11539.5,651487.3,516.8,425.2,280.8,301.9,11322,66828,5121.6,28094.5,####,####,228330.1,201934.8,144888.5,444746.9,222365,1713171,3218309.3,480975,104097.8,1307852,219705.7,898425.1,3241116.8,260931.2,####,####,533.6,500.8,311.7,1305.5,687.7,20077.4,2484.6,1124.8,311.2,305.1,685.2,1326.7,3073.8,1189.3,####,####,433.6,415.6,360.8,648.9,501.2,6361,382.7,412.7,361,354.6,388.6,29114.4,590.1,652.8,####,####,1057.2,1036.9,294.9,4195.4,1432.9,116067.8,350.9,331.2,294.9,293.1,1400.3,9736.5,1105.8,4398.5,####,####,####,####,####,####,####,####,####,####,####,####,####,####,####,####,####,####,625.61,663.97,427.7,100.48,91.85,2.44,0.03,0.31,413.04,14.33,91.49,0.36,6.2,94.29,0,0
02-Well-C02,B1,5,0.55,Beads Population=#### Beads Count=1 Sample Volume=1μL,58387,49423,38101,11322,10688,114,13,49,36709,1330,10545,143,520,10802,0,0,4606.5,4218.1,3369.7,7073.4,3411.4,46244.7,10911,7932.4,3271.9,5826.6,3386.8,5220.1,73754.7,3863.4,####,####,8145.8,6743.1,2552.1,20846.8,1669.1,54854.2,39860.2,12452.3,1731.3,24475.6,1551.1,10370.4,407565.5,2230.4,####,####,2614.3,2429,1258.8,6367.2,4257.1,135658.5,7300.6,7267.7,1244.6,1369.4,3053.9,92984.5,21392.9,5643.9,####,####,1201,1151,286.9,4058.8,1313.9,259490.6,490.4,403.7,286.6,288.9,1049,20850.2,4478.7,4038.6,####,####,198565.3,170403,146746.3,250013,99364.4,2445145.8,2698189.8,906848,123708.1,729674.9,91828.4,655083.4,2865180.8,124120.9,####,####,411.3,375.5,312.8,586.5,367.5,10872.4,1404.6,1426.5,311.2,304.5,364,627.1,2833,478.4,####,####,446,444.5,362.4,721,463.7,24270.8,377.8,381.4,362.5,359.9,365.8,7680.2,846.3,714.9,####,####,464.8,446.5,297.1,949.3,410.7,49393.7,317.4,298.5,297.2,292.7,366.4,3681.6,1399.3,927.7,####,####,####,####,####,####,####,####,####,####,####,####,####,####,####,####,####,####,778.39,828.33,507.95,150.94,142.49,1.52,0.17,0.65,489.39,17.73,140.58,1.91,6.93,144.01,0,0
02-Well-C03,B1,25,0.57,Beads Population=#### Beads Count=1 Sample Volume=1μL,46203,43563,33331,10232,9623,110,7,30,31940,1354,9499,124,499,9733,0,0,4515.7,4067.1,3373.8,6325.5,3362.6,40772.2,9006.5,6765.4,3275.1,5597.4,3354.8,3959.2,55869.4,3785.4,####,####,7025.5,4958.7,2472.5,13057.8,1645.1,46927.2,57911.5,11989.4,1727.7,19544.5,1564.9,7790.6,225679.5,2156.9,####,####,2734,2112.6,1309.1,4730,3254.6,80873.8,931.7,8098,1295.9,1471.1,2978.6,24397.3,16396.6,4131.9,####,####,1302,1060.6,288.5,3576,1258.3,206415.2,454.9,456.9,288,294.8,1073,15448.7,3558.7,3576.9,####,####,215012.1,173656.4,153040.6,240812.8,97823,2162024.3,2934481,826244,123482.7,820995.6,92044.3,540498.8,2574796.3,121152.1,####,####,407.1,369.6,311.2,559.9,362.8,10225.6,1327.2,1277.7,310.8,293.9,360.7,528.6,2230.3,474.3,####,####,435.6,414.3,360.9,588.1,469,11215.7,376,409.7,361,357.4,367.1,8272.2,541.8,590.5,####,####,482,432.5,298.5,869,411.2,39663.6,323.2,307,298.6,295.6,372.4,3390.7,1143.8,854.9,####,####,####,####,####,####,####,####,####,####,####,####,####,####,####,####,####,####,615.43,729.33,443.97,136.29,128.18,1.47,0.09,0.4,425.45,18.04,126.53,1.65,6.65,129.65,0,0
02-Well-C04,B1,45,0.66,Beads Population=#### Beads Count=1 Sample Volume=1μL,59480,50537,39436,11101,10489,99,7,25,37945,1459,10308,181,513,10588,0,0,4662.6,4329.4,3309.4,7953,3289.5,48692.7,9265.4,6638.5,3234.3,5176.6,3272.5,4256.3,95444.1,3714,####,####,8302.6,6995.5,2356.3,23476.1,1627.1,55656.4,51917,11475.2,1706,18875.5,1529.4,7195.2,463999.3,2132.3,####,####,1990.7,1813.2,1157.9,4141,2673.2,104997.5,3799,9122.7,1145.3,1338.7,2441.3,15879.8,14689.3,3629.9,####,####,1108.4,1079.3,289.5,3885.2,1230.9,284764,472.5,422,289.1,297.3,1041.4,12024.4,3950.9,3882,####,####,187171.7,166317.8,144677.7,243193.4,97659.6,2439800,2578097.8,823886.8,122079.4,709091.7,90727.6,492439.1,2794928,119559.1,####,####,397.4,375.7,311.6,603.4,360.1,13312,1312.1,977.3,311.7,291.8,358.4,459.9,3125,481.2,####,####,438.8,430.8,362.4,673.9,472.5,21108.3,387.4,363.8,362.5,360.1,367.9,6428.4,849.1,665.4,####,####,460.9,442.5,298.2,954.9,417.9,56646.6,339.2,311.3,298.3,296.5,378.3,2675,1187.7,943.7,####,####,####,####,####,####,####,####,####,####,####,####,####,####,####,####,####,####,792.48,846.35,525.42,147.9,139.75,1.32,0.09,0.33,505.56,19.44,137.34,2.41,6.83,141.07,0,0
02-Well-C05,B1,75,0.91,Beads Population=#### Beads Count=1 Sample Volume=1μL,43035,37581,26807,10774,10300,101,6,14,25932,855,10228,72,373,10401,0,0,5265.2,4688.3,3233.8,8307.3,3339.2,53104.3,21227.3,4432.5,3121.4,6495.3,3324.5,5435.4,133365.4,3822.5,####,####,11523.5,9895.1,2337.3,28699.8,2693.9,60148,40063.5,8516,1582.4,24867.2,2637,10765.5,738312.1,3251.8,####,####,2317.4,1991.1,1242,3855,3318.8,21217.4,9061.5,7559.9,1230.2,1443.5,2721.3,88203.7,13960.3,3492.6,####,####,3058.5,2894.7,273.7,9416,4615.6,520788.3,445.1,360.7,272.7,303.3,4112.1,76134.3,3507.2,9627.9,####,####,225995.4,180389.8,148076.1,260790.1,123321.4,2399444.3,2785953.3,571103,116507.6,1080104.9,119613.9,649996.1,3477742.5,145423.9,####,####,490.3,445,316.9,763.7,452.7,22177.5,2051.7,1148.9,316.5,301.6,446.2,1380.9,3552,663.7,####,####,454.1,444.8,362.9,648.6,645.3,653.5,400.1,424.9,363.2,352,374.4,39125,737.4,645.4,####,####,797.6,740.4,296.8,1844.2,772.5,114290.3,330.1,255.8,296.8,297.9,694,11917.3,989.9,1874.8,####,####,####,####,####,####,####,####,####,####,####,####,####,####,####,####,####,####,573.24,629.19,357.08,143.51,137.2,1.35,0.08,0.19,345.43,11.39,136.24,0.96,4.97,138.55,0,0
02-Well-C06,B1,100,0.63,Beads Population=#### Beads Count=1 Sample Volume=1μL,32933,28336,22964,5372,4907,160,0,9,22318,637,4891,16,305,5067,0,0,5350.9,4434.9,3145.7,9945.9,3907.2,44231.6,####,4218.9,3073.3,5669.1,3896.5,7171.4,89113.8,5180.5,####,####,10252.3,7461.8,2092,30416.4,6363.1,53127.5,####,8599.1,1485.7,23240.5,6339.4,13624.9,405483.4,7839.8,####,####,2114,1618.7,1139.4,3667.2,2483.8,20538.5,####,9012.5,1135.8,1157.1,2057.3,132862,13855.7,3053.9,####,####,5439.3,5449,271.7,27580.5,13447.4,502576.4,####,360.5,270.8,300.8,13193.5,91069.8,5782.2,28892.6,####,####,262388.7,197811.4,135927.6,462349.5,245460.4,1758673.8,####,555810.4,109427.9,1058441.4,243928.6,713721.6,3271735.8,293243,####,####,566.7,500.8,310,1316.4,700.2,15132.6,####,1252.4,309.9,300.8,696.6,1785.6,3982.9,1155.9,####,####,419.4,406.9,362.1,598.5,545.8,1964.4,####,371.7,362.2,357.3,401.5,44642.5,730.8,590.6,####,####,1049.1,984.4,293.8,3936.3,1636.2,77664.9,####,277.7,293.9,291.8,1595.4,14100.6,2265,4036.9,####,####,####,####,####,####,####,####,####,####,####,####,####,####,####,####,####,####,439.05,474.91,306.15,71.62,65.42,2.13,0,0.12,297.53,8.49,65.2,0.21,4.07,67.55,0,0
02-Well-C07,B1,125,0.36,Beads Population=#### Beads Count=1 Sample Volume=1μL,27655,22037,20355,1682,1037,61,2,17,16384,3952,1026,11,584,1098,0,0,31208.9,30633.5,15909.7,208816,5267.5,50018.2,10308.6,5581.2,3055.4,69247.5,5246,7273.1,586840.6,7753.7,####,####,192706.1,194860.6,116903.6,1138269,11851.2,74795.4,35146.5,12139.9,1699.6,595002.6,11748,21477.2,3249514.3,15348.1,####,####,1915.3,1551.6,1004.9,8168.3,6110.5,13198.3,12140.2,4477.6,1051.5,791.3,1437.9,441936.2,11296.8,6504.3,####,####,3409.9,3429,273.8,41612.5,25449.3,665847.7,475.6,349.1,270.9,285.5,25323.3,37196.2,5110.6,61027,####,####,1269318.1,1068376.1,989131.6,2027366.3,380344.3,1841559,2110274,870423.6,126584.2,4564980,367698.5,1559856,4971366.5,461522.9,####,####,742.5,610.7,323.2,4089.7,958.2,18723.1,1121.6,1119.2,314.9,353.8,957.8,992.7,8121.9,1945.1,####,####,429.4,415.5,370.1,965,563.7,594.6,330,377.7,363.8,396.1,445.1,11625.4,1716.3,565.4,####,####,815.9,728.3,295.2,5969.5,2570.4,110456.5,457.5,322,294.7,297.1,2543.8,5045.9,1091.4,8564,####,####,####,####,####,####,####,####,####,####,####,####,####,####,####,####,####,####,368.64,369.28,271.33,22.42,13.82,0.81,0.03,0.23,218.4,52.68,13.68,0.15,7.78,14.64,0,0
02-Well-C08,B1,150,0.65,Beads Population=#### Beads Count=1 Sample Volume=1μL,22929,18752,17590,1162,603,31,3,10,13304,4273,599,4,528,634,0,0,29440.8,29064.4,17448.3,204904.2,5359.3,68768.8,49198.2,5094.1,3077.4,62198.9,5350.2,6726.8,440786.3,8459.7,####,####,201860.8,205616.3,136549.3,1251131.1,12388.2,58383.2,60216.4,11864,1782,556493.1,12350.9,17982.5,2735860.8,14637.2,####,####,1513.5,1240.5,919.4,6100.1,2889.5,7910.8,20104.4,5827.8,981.4,701.5,1329.7,236463.2,9660.5,3135,####,####,2543.2,2617.3,272.6,38109.8,25842.8,873297.6,665.5,418.5,270.2,279.4,25742.7,40826.9,3083.7,67279.8,####,####,1413978.6,1299964.6,1229449.9,2367394,379648.8,1677172.8,3428437.5,771674.3,133767.1,4640389.5,374483.1,1153225.6,4678013.5,443092.4,####,####,545.4,494,327.3,3016.8,988.2,22214.2,13014.6,1511.5,318.8,342,987.5,1086.8,4206.5,2026.1,####,####,419.6,401.7,370.8,868.9,553,620.8,459.6,390.8,363.7,392.9,449.4,16066,1244.3,556.3,####,####,659.4,613.1,297.4,5391.9,2575.4,135813.9,290.6,274.4,296.6,299.8,2550.4,6312.3,951.1,9090.2,####,####,####,####,####,####,####,####,####,####,####,####,####,####,####,####,####,####,305.33,313.83,234.24,15.47,8.03,0.41,0.04,0.13,177.16,56.9,7.98,0.05,7.03,8.44,0,0
02-Well-C09,B1,175,1.63,Beads Population=#### Beads Count=1 Sample Volume=1μL,15533,12827,12461,366,207,15,4,11,11865,581,207,0,144,222,0,0,6804,4676.9,3473.4,45651.5,5039.1,50643.8,10364.5,5189,3070.3,11624.2,5039.1,####,103511.7,8120.5,####,####,18212.8,12883.9,5188.7,274877.7,10715.7,46157.4,28848,10653.8,1760.5,74932.9,10715.7,####,678435.4,13110.4,####,####,1420.6,1096.2,971.1,5353.2,1297.2,8669.1,15819.9,6963.4,956.2,1060.7,1297.2,####,10838.4,1795.3,####,####,1596.6,1387,272.2,39340.7,22245.4,614280.8,522.1,303.1,270.8,299.2,22245.4,####,4025.8,62247.7,####,####,243913.3,169740.8,124634,1705467.4,308702.3,1290102,1858488.6,629105.3,87039.8,870881.3,308702.3,####,3756584.3,375013.1,####,####,433.8,347.9,292.6,2232.1,846,16588,2173.6,1023.3,291.1,294.8,846,####,2729,1909.7,####,####,401.9,371.6,366.2,554.6,449.6,606.7,435,401.1,366,370.3,449.6,####,700,460.2,####,####,552.8,458.9,296.9,5975.1,2207.8,100641.8,289.1,332.8,296.7,299.7,2207.8,####,1529.4,8858.8,####,####,####,####,####,####,####,####,####,####,####,####,####,####,####,####,####,####,207.07,214.97,166.12,4.88,2.76,0.2,0.05,0.15,158.17,7.75,2.76,0,1.92,2.96,0,0
02-Well-C10,B1,250,0.43,Beads Population=#### Beads Count=1 Sample Volume=1μL,12643,9773,9338,435,48,1,5,9,8064,1260,46,2,386,49,0,0,18288.5,14519.6,7427.6,166760.5,3811.1,86440.6,12101.3,5344.1,3053.5,35418.3,3685.5,6698.3,187231.7,5497.4,####,####,84445.7,77938.7,38701.8,920223.6,3762.1,74876.3,38554.2,11335.5,1773.2,275240.8,3229.6,16009.3,1036377.8,5213.4,####,####,2210.9,1320.7,991.8,8380.6,6472.5,5879.8,10868.5,5369.5,999.4,873,4375.8,54697.2,8624.4,6460.5,####,####,1265.1,546.1,274.4,6380.3,3191.8,909956.1,438,343.6,270.4,298.6,2853.4,10975.3,4435.9,21697.2,####,####,840281,677452.4,511441.3,4241157.5,250516.2,2497790.3,2312736.8,925432.3,132826.3,2924472.5,204924.1,1299132.5,4741919.5,296378.9,####,####,796.6,411.8,315.1,2489.1,444.6,19897.7,1172.2,859.8,316.2,300.4,436.5,631.4,2698.2,841.6,####,####,435.5,392.4,366.1,958.3,627,401.2,412,357.6,363.8,380.3,379.2,6327.6,1000.9,622.4,####,####,754.3,356.5,296.8,1637.4,788.6,116504.2,310,259.7,296.3,300,600.5,5114.6,1445.4,3150.1,####,####,####,####,####,####,####,####,####,####,####,####,####,####,####,####,####,####,168.42,163.63,124.39,5.79,0.64,0.01,0.07,0.12,107.42,16.78,0.61,0.03,5.14,0.65,0,0
02-Well-C11,stain,-999,0.63,Beads Population=#### Beads Count=1 Sample Volume=1μL,5373,4096,2842,1254,13,7,5,1,159,2677,7,6,1234,20,0,0,19169.6,18181.7,7245.4,42967.3,5431,213133.3,17641.6,10997.1,3693.1,7435.6,5053.9,5871,42397.5,78126.8,####,####,60351.5,57671.4,19791.1,143521.4,16330.9,360159.1,29942.7,18996.4,2202.8,20817.1,6394.8,27923,143632.4,136670.8,####,####,4568.3,3591.9,604.4,10362.9,253684.5,11065.6,721.3,2054.4,434.9,613.7,6722.8,541806.6,7795.5,168767.9,####,####,3194.1,3072.1,330.8,9284.6,10613.6,745619.4,378.5,775.1,277.4,333.8,2355.9,20247.5,5093.7,267865.6,####,####,1962568,1947831.8,1206668.9,3627564.5,987100.1,5646044.5,1804052.1,1468055.8,165704.6,1267283.4,463263.1,1598243.4,3643931.5,2617730.5,####,####,3389.8,3616,862.7,9855.7,1281.4,18911.7,1268.9,3901.1,367.3,890.3,1420.8,1118.9,9894.7,7452,####,####,474.2,432.8,359.6,598.7,1615.5,475.3,389.3,538.6,357.6,359.6,433.1,2995,588.7,1216.5,####,####,951.9,750.5,288.6,1797.2,1365.7,157486.5,303.9,235.2,293,288.3,474.3,2405.6,918.6,56008,####,####,####,####,####,####,####,####,####,####,####,####,####,####,####,####,####,####,71.55,68.56,37.85,16.7,0.17,0.09,0.07,0.01,2.12,35.65,0.09,0.08,16.43,0.27,0,0
02-Well-C12,blank,-999,0.18,Beads Population=#### Beads Count=1 Sample Volume=1μL,9959,7645,6910,735,23,12,8,4,832,6066,18,5,700,35,0,0,12487.8,10430.6,6667.4,45809.4,6266.9,208946.3,12645.4,5496.3,3200.5,7135.8,5300.6,9745.8,44312.1,75757,####,####,35720.9,31936.2,16884.6,173441.3,12871.3,346636.8,53596.7,11117.3,1858.9,18900.9,9763,24061.1,175748.1,127305.2,####,####,2688,1746,596.8,12550.3,98223.8,107523.4,813.1,474.3,576.8,599.4,11418.5,410722.8,8107.2,101412.2,####,####,1953.1,1742.8,294.7,15357.2,5947.6,559241.9,318.8,320,268.4,298.2,3009.1,16526.5,6342.6,195648.5,####,####,1199668.4,1163338,919892.9,3452053.5,921208.9,4925513.5,3511051.8,931633.4,143107,1023010.2,706838.7,1692941.5,3509950.5,2294113.3,####,####,525.7,408.2,303.2,1395.9,1044.4,12233.3,1489.3,815.4,299.6,301.7,1089.3,882.5,1221.7,4880.5,####,####,443.8,421.9,361.9,986.5,1105.5,870.9,364.8,404,361.1,362,404.1,3630.7,984.5,1025.1,####,####,695.9,609.6,292.2,3593.4,1758.2,120939.7,312.4,274.4,295.7,291.7,1378.4,3125.8,1642.1,42620.5,####,####,####,####,####,####,####,####,####,####,####,####,####,####,####,####,####,####,132.75,128.11,92.11,9.8,0.31,0.16,0.11,0.05,11.09,80.86,0.24,0.07,9.33,0.47,0,0
02-Well-D01,B2,,0.57,Beads Population=#### Beads Count=1 Sample Volume=1μL,49620,41363,30968,10395,9657,218,2,20,29981,965,9520,137,520,9875,0,0,5934.7,5014,3245.9,10281.1,3705.6,53029.9,5503,4824.8,3132,6747.9,3657.5,7046.1,114475.3,4794.5,####,####,13831.7,10411.5,2379.2,34341,4560.7,71682,41428.4,9108.2,1567,27391.9,4348.9,19279.1,571741.3,6042.4,####,####,5641.9,4323.1,1568.4,12529.7,10083.5,75787.7,1166.5,9998,1567.2,1433,4494.2,398479.8,31438.7,11534,####,####,6748.6,6448.6,276.5,24836,11662.2,654409.9,302.9,377.7,275.1,317.5,10661.6,81191.8,5551.9,25851.4,####,####,245777.9,203122.4,143008.3,382209.7,189315.9,1875924.1,2670188.3,624822.6,115059.9,996095.9,174612.9,1211009.3,3338259.5,226549.3,####,####,626.5,572.9,311.4,1351.8,657.8,24818.2,1834.6,1422,310.7,307.8,647,1402.4,4402.2,1191.1,####,####,531,505,360.4,935.7,900,2796,337.9,390.9,360.4,360.6,375.4,37357.1,819.4,941.9,####,####,1490.2,1398.6,293.8,4689.9,1729.3,144551.7,296.8,298.5,293.9,291.5,1580.1,12094.8,1038.5,4882.2,####,####,####,####,####,####,####,####,####,####,####,####,####,####,####,####,####,####,661.54,693.27,412.87,138.59,128.75,2.91,0.03,0.27,399.71,12.87,126.92,1.83,6.93,131.65,0,0
02-Well-D02,B2,5,0.57,Beads Population=#### Beads Count=1 Sample Volume=1μL,61563,51924,39251,12673,12037,158,8,35,37590,1618,11916,121,478,12195,0,0,4702.7,4289.2,3383.5,7094.3,3482.9,52677.4,12384.4,7838.7,3304.5,5076.9,3461.6,5582.5,82969.5,4120.3,####,####,7661.5,6705.5,2343.1,20216.7,2400.9,62865.4,48100.9,11343.4,1771.2,15209.8,2314.7,10892.5,454755.5,3184.3,####,####,2126.1,2024.1,1125.7,4806.8,2652.5,118002.4,9093.7,8983.4,1111.3,1251.5,2479.2,19719.5,21639.9,4147,####,####,1448.8,1401.8,277.4,4884.3,1448.7,262740.7,498.7,434.9,276.7,288.9,1294,16685.2,6167.7,4834,####,####,196402,177402.2,149964.7,262382.2,146238.1,2277648.8,2908721.5,843488.6,129347.8,600300.8,141173.9,644957,2520990,173852.9,####,####,429,412.4,313.3,719.1,422.1,15129.6,2290.5,1717.9,312.5,293.4,413.6,1259.7,3434.1,612.7,####,####,500.8,513.6,363,980.1,414.1,41557.3,433.5,394.2,363.1,359,370.2,4737,1819.9,947.2,####,####,596.9,591,296.6,1503.1,472.7,79201.9,292,333.5,296.6,294.6,435,4184,1767.9,1492.7,####,####,####,####,####,####,####,####,####,####,####,####,####,####,####,####,####,####,820.13,869.45,522.9,168.83,160.35,2.1,0.11,0.47,500.77,21.55,158.74,1.61,6.37,162.46,0,0
02-Well-D03,B2,25,0.6,Beads Population=#### Beads Count=1 Sample Volume=1μL,60202,51654,39106,12548,11581,133,9,14,36353,2730,11451,130,834,11714,0,0,5192.8,4769.6,3735.4,7992.7,3420,48159.9,11374.6,7680.1,3258.7,10037.9,3405.4,4700.8,65084.7,3928,####,####,9904.2,8171.6,3586.2,22462,2327.9,55506.3,25773.7,12571.7,1754.5,27857.7,2261.1,8206.3,296776.1,2931.7,####,####,2419.5,2018.3,1283.5,4308.7,2697,83205.8,12310.8,9464.1,1266.1,1435.7,2576.5,13316.2,14105.7,3611.1,####,####,1266,1101.1,277.1,3669.3,1433,200080.9,414.3,422.7,275.2,300.9,1328,10679.8,3399.8,3688.5,####,####,281114,252259.3,218835.4,356425.2,143832,2496062.8,1740993,871555.8,128066.8,1419156,139053.9,564707,2967300.3,170539.1,####,####,447,401.1,311.7,679.7,412.3,13573.9,1643.1,1756.1,312.2,292.7,411.9,451.5,2336.2,561.8,####,####,409.8,407.3,362.1,548,421.8,11174.6,432.7,431.5,362.1,362.1,369,5078.8,604.9,543.9,####,####,504.5,471.6,296.7,1016.7,458.7,48911.9,315.3,299,297,293.2,438.1,2278.1,1126,1008.9,####,####,####,####,####,####,####,####,####,####,####,####,####,####,####,####,####,####,801.94,864.84,520.92,167.15,154.27,1.77,0.12,0.19,484.25,36.37,152.54,1.73,11.11,156.04,0,0
02-Well-D04,B2,45,0.67,Beads Population=#### Beads Count=1 Sample Volume=1μL,51663,48880,35454,13426,12891,101,8,21,34067,1358,12727,164,434,12992,0,0,4509.6,4071.1,3279,6163,3366.1,56394.6,11856.6,6109,3188.7,5448.5,3345.5,4964.6,77547.3,3778.4,####,####,7815.1,5756.9,2429.1,14544.6,2398.5,64879.4,33165,10311.4,1728.7,19696.8,2313.6,8991.5,363603.3,2884.3,####,####,2146.6,1775.8,1042.5,3712.4,2584.5,96031.5,6843.3,8777.1,1028.4,1241.8,2047.3,44271.2,15729.6,3310.9,####,####,2103.5,1999.6,270.9,6564.8,2544.2,507282.6,427.2,388.6,270.1,286.9,2244.5,25807.4,9458.4,6468.1,####,####,208147.8,177990.9,155212,238143.1,131151.7,2405391.3,2208119.5,748870.8,126778.2,847232.4,125360.8,580551.3,2911723.8,148831.7,####,####,430,410.5,309.6,676.9,422.3,23017.8,1433.7,1078.2,309.7,288.4,417.5,797.1,3040.9,598,####,####,455.9,451.9,362.4,688.2,512.9,23428.5,361.7,367.2,362.5,359.1,366.9,11843.4,605.3,691,####,####,672.7,653.4,296.8,1595.1,628.9,121798.9,373.4,308.6,296.7,299.5,573.6,4916.1,2320.2,1570.8,####,####,####,####,####,####,####,####,####,####,####,####,####,####,####,####,####,####,688,818.11,472.14,178.8,171.67,1.35,0.11,0.28,453.67,18.08,169.49,2.18,5.78,173.02,0,0
02-Well-D05,B2,75,0.89,Beads Population=#### Beads Count=1 Sample Volume=1μL,50300,45971,30943,15028,14583,94,4,20,29994,925,14473,110,351,14677,0,0,4725.3,4070,3240.4,5778.2,3327.8,43488.1,31251.8,6213.8,3139,6342.9,3315.9,4897.6,97484.8,3585,####,####,8799.1,6859.4,2446.9,15944.9,2588,55266.6,39665.2,9305.5,1646,28105.9,2538.6,9082.9,560356.1,2925.4,####,####,2049.8,1670.7,1068.7,2910.4,2467.8,26552.8,6821.4,6406.2,1059.3,1231.8,2093.7,51691.1,14967.3,2622.1,####,####,2529.9,2365.8,272.3,6676.5,3913.2,387104.1,433.9,348.8,271.4,298,3597.4,45469.3,19600.2,6367.4,####,####,207053.3,168018.3,145355.6,214681.2,128450.1,2312463,2777536.3,601880.4,120823.6,919576.4,125035.7,577700.1,3235526,142437.8,####,####,472.6,425.6,313.7,655.8,437.8,18940.6,11670.6,1172.7,312.1,297.4,434.4,877.7,4818.2,556.3,####,####,426.1,421.4,362.8,542.1,537.1,832.7,369.2,363.3,362.7,365,368.9,22664.4,673.7,539,####,####,756.9,704.1,295.5,1545.4,777.4,87165.4,265.6,298.5,295.5,298,728.8,7181.8,10520.8,1330.7,####,####,####,####,####,####,####,####,####,####,####,####,####,####,####,####,####,####,670.17,769.88,412.27,200.22,194.3,1.25,0.05,0.27,399.62,12.32,192.83,1.47,4.68,195.55,0,0
02-Well-D06,B2,100,0.52,Beads Population=#### Beads Count=1 Sample Volume=1μL,29035,24237,20626,3611,3188,152,3,12,20019,592,3183,5,271,3340,0,0,6587.5,5138.5,3142.7,16538.7,4877,58651,26243.5,5369.4,3046.1,6247.9,4872.8,7597.3,130103.7,7324.2,####,####,15685.3,11497.3,2362.3,63676.7,9853,71012.5,94341.7,9218,1596.1,27664.4,9815.6,33715.5,692734.8,12636.3,####,####,1978.5,1558.9,1058.7,4416.1,3044.8,10484,12237.9,7400.6,1049.8,1173.1,1978.2,682034.8,17144,3383.3,####,####,8993.3,9210.6,272.2,60266.6,29117.8,774567.9,472.3,398.7,271.2,303.5,29107.9,35432.3,26054.8,63042.5,####,####,259157.2,210203,142437.1,597281.5,284060,1874963.3,3154413.5,562175.8,117944,946921.9,280961.5,2256536.8,3565335.5,356460.4,####,####,728.5,641.1,316.6,2494.8,1155.2,25801.4,5846.2,973.7,315.9,296.8,1155.7,831.6,5182.1,2276.8,####,####,393.1,375.7,363.5,445.3,415.2,615.9,453.1,377.1,363.5,360.8,411.9,2540.3,703.6,424.3,####,####,1724.9,1758.7,295,10119.5,3570.7,148561.4,362.8,284.5,295.1,293,3571.3,3167.9,9508.7,10169,####,####,####,####,####,####,####,####,####,####,####,####,####,####,####,####,####,####,386.86,405.92,274.82,48.11,42.48,2.03,0.04,0.16,266.73,7.89,42.41,0.07,3.61,44.5,0,0
02-Well-D07,B2,125,0.34,Beads Population=#### Beads Count=1 Sample Volume=1μL,23559,19468,18005,1463,1008,62,7,44,16809,1145,1004,4,393,1070,0,0,7409.7,5438.5,3254,32323.3,5832.4,51486.5,12004.8,5885.8,3068.4,5824.3,5842.6,3271.6,97246.3,8477.8,####,####,21450.7,15982.8,3550.5,168985.9,13441.7,58059.3,34263.9,9565.1,1709.6,30158,13469.9,6343.5,585438.8,16027,####,####,1774.8,1466.1,1074.1,6290.1,1959.4,16268.5,5327.9,3946.9,1018,1762.6,1648.2,80086.5,15823.5,2788.6,####,####,4170.8,4290.8,273.9,53727.2,37140.9,626712,493.8,361.6,270.7,315.9,37238.9,12535.8,5874.8,71302.9,####,####,366835.8,293416.3,206979.7,1357182.8,344171.6,1683680.9,2534002.3,671377.2,127339.6,1344053.3,343975.9,393289.4,3903931.8,421788,####,####,570.2,497.3,319.3,2686.8,1378.8,17153.3,1516,1861.8,314.9,317.4,1382.1,553.6,3759.5,2292.8,####,####,405.8,387.5,364.5,670.7,427,2987.4,410.8,405.7,364.6,359.8,421.2,1885.3,930.3,575.3,####,####,874.5,829.1,295.3,7399.6,4131.7,97387.2,302.2,309.8,295.3,293.6,4139.3,2217.6,1584.8,9535.3,####,####,####,####,####,####,####,####,####,####,####,####,####,####,####,####,####,####,313.96,326.12,239.94,19.5,13.43,0.83,0.09,0.59,224,15.26,13.38,0.05,5.24,14.26,0,0
02-Well-D08,B2,150,0.98,Beads Population=#### Beads Count=1 Sample Volume=1μL,17206,14167,13554,613,298,24,5,9,12823,717,296,2,291,322,0,0,7497.6,5306.6,3265.5,50437.6,5979.6,41216.9,12676.1,6602.4,3054.9,6924.3,5989.7,4476,96725.5,8606,####,####,18938.6,13765.5,3306.5,245023.5,13894,46903.6,34023.1,9422.8,1770.4,30486.8,13938.8,7265.4,498052.5,16354.3,####,####,1790.7,1361.2,1023.2,8834.8,1709.7,4462.4,8446.5,3544.1,1003.3,1295.5,1523.8,29219.5,16491.9,1914.9,####,####,2352.8,2156.7,273.1,43804.1,36858.7,558519.3,473.2,376.2,271.3,301.7,36916,28377.8,8465.8,75740.2,####,####,371065.2,270617.2,186729.6,2125450.8,362509.4,1234520.1,2403330.3,647561.6,131666.6,1150246,362102.7,422705.7,4004278.5,427504,####,####,665,544.5,326,5375.1,1375.2,15083.7,3847.7,929.5,320.3,395.7,1382.3,319,8670.6,2396.9,####,####,412.6,380.3,364.1,739.4,506.1,523.5,334.5,407.4,364,364.3,411.3,14543.9,996.1,507.4,####,####,717.9,576.2,295.9,6774.9,3994,95124.1,281.5,324.3,296,293.4,3994,3996.4,2336.2,10786.3,####,####,####,####,####,####,####,####,####,####,####,####,####,####,####,####,####,####,229.39,237.45,180.7,8.17,3.97,0.32,0.07,0.12,170.96,9.56,3.95,0.03,3.88,4.29,0,0
02-Well-D09,B2,175,1.29,Beads Population=#### Beads Count=1 Sample Volume=1μL,15114,12255,11906,349,167,12,10,13,11253,630,162,5,170,179,0,0,7171.9,5238,3296.5,71472.6,5299.7,35526,16318.1,7465.3,3045.9,7479.1,5282.4,5859,139015.1,7326.1,####,####,21731.4,13036.3,3839.8,326774.3,10818.5,42584.2,44543.4,9963.9,1796.6,39562.4,10687.5,15062.7,657214.9,12948.1,####,####,2226.2,1573.3,985.5,21626.2,15211.3,3356.9,12539,6984.5,966.3,1021.3,4170,372950.6,29217.6,14416.6,####,####,1754.3,1481,271.3,42749.5,25455.1,467480.8,505.1,385.3,269.8,292,25445,25781.2,29757.7,55088.1,####,####,392626.8,254628.2,197074.3,2218055.8,311745.2,1135477.8,2673619.3,676814.8,131985.6,1310473.8,298678.8,735093.8,4167142.8,366967.4,####,####,574.9,451.8,322.1,4879.4,1031.9,12683.8,1396,1115.7,321.2,303,1036.7,876.4,8108.2,1813.1,####,####,465.5,427.1,364.7,2557.4,452.8,597.5,414.9,436.5,364.6,364.8,392.1,2419.8,4763.1,462.5,####,####,618.3,471.8,295.3,6494.1,2729.1,71282.3,285.4,304,295.1,298.1,2712.9,3252.6,5619.3,7324.9,####,####,####,####,####,####,####,####,####,####,####,####,####,####,####,####,####,####,201.48,205.37,158.71,4.65,2.23,0.16,0.13,0.17,150.01,8.4,2.16,0.07,2.27,2.39,0,0
02-Well-D10,B2,250,0.31,Beads Population=#### Beads Count=1 Sample Volume=1μL,12716,9651,9361,290,43,2,2,12,8432,915,38,5,245,45,0,0,9748,7895.5,4831.3,106805.6,3652.5,36372.6,8803.6,6015.8,3036.5,21346,3536.2,4536.4,125485,5106.7,####,####,31680.6,27814.9,10299.7,593193.1,3831.3,55086.7,32539.6,8249.2,1712.8,89409.3,2685.5,12539.8,701024.8,6109.3,####,####,2504.8,1394.2,995.3,14269.9,20529.8,456818.3,8914.5,6867.5,991.8,933.6,1517.5,165023.3,9558.6,39920.4,####,####,1485.2,454.9,273.5,6309.8,2295.4,299737.9,384.4,381.3,270.8,296.6,1487.2,8438.2,4619.1,15515.1,####,####,673216.8,489060.7,381729.2,3953647.3,264136.8,1956489.1,1991311,622444.9,127622.5,2716723.3,192740.5,806748.4,4617497.5,339352.4,####,####,708.9,397.1,315,3050,370.4,12407.2,1851.2,1107.3,313.7,312.4,373,350.3,3444,905.4,####,####,410.9,375.7,364.8,728.4,618.1,2625.4,432,378.8,364.7,365.4,390.2,2350,732.2,707.3,####,####,703.1,327.6,296.4,1335.6,614,54063.1,378,309.2,296.7,292.8,397.4,2260.7,1031.8,2989.6,####,####,####,####,####,####,####,####,####,####,####,####,####,####,####,####,####,####,169.5,161.72,124.78,3.87,0.57,0.03,0.03,0.16,112.39,12.2,0.51,0.07,3.27,0.6,0,0
02-Well-E01,C1,,0.45,Beads Population=#### Beads Count=1 Sample Volume=1μL,40574,33718,28234,5484,4755,214,6,17,27405,806,4733,22,515,4969,0,0,6561.2,6026.3,3297.1,20077.4,4657.5,48732.7,16838,6031.6,3152.1,8066.4,4648.8,6516.4,150542.6,6555.7,####,####,17446.4,16274.7,2387.6,87771.2,8953.7,50283.3,51473.4,11311.2,1424.3,34588.8,8889.5,22771.7,831071.6,10733.7,####,####,2874.8,2644.9,1510.3,8486.4,5455.3,28073.3,5581.3,10209.5,1508.6,1355.6,3020,529389.8,28333.4,6429.4,####,####,8273.1,8163.4,274.9,48776.8,27307.4,627261.1,471.5,427.4,273.8,309.8,27279.5,33314.6,6623.9,53145.6,####,####,252793.1,217846.1,135450.4,642054.9,270456.9,1439159,3526596.3,785311.9,103404.2,1186109,263484.3,1770514.6,3741799.5,320789.4,####,####,645.7,609.3,313.5,2132.2,1098.8,18727.7,4511.3,1473.8,311.8,315.4,1100.2,806.6,4777,1858.1,####,####,396.8,389,360.2,537.3,427.6,1817.4,361.6,408.1,360.2,359.8,400,6356.4,1018.2,487.4,####,####,1455.8,1429.6,295.5,7268.1,3271.5,110651.1,336.8,308.1,295.6,293.3,3268.5,3925.6,1209.2,7896.1,####,####,####,####,####,####,####,####,####,####,####,####,####,####,####,####,####,####,540.38,564.41,376.03,73.04,63.33,2.85,0.08,0.23,364.99,10.73,63.04,0.29,6.86,66.18,0,0
02-Well-E02,C1,5,0.61,Beads Population=#### Beads Count=1 Sample Volume=1μL,61609,51253,40401,10852,10042,105,13,34,37217,3137,9973,69,705,10147,0,0,13760.4,12300.1,7901.9,28674.3,3354.6,57260.2,8697.2,5630.2,3215.3,63524.4,3339.9,5478.3,385068.8,3912.4,####,####,50089.9,44053,25391.2,113529.1,1993.9,59148.7,34362,10600.8,1707.6,306493.9,1934.5,10569.7,1710333.3,2585.3,####,####,1963.9,1796.1,1116.1,4327.4,1715.8,188783.9,4495.9,5586,1117,1043.4,1552.9,25251.9,14054.8,3651.5,####,####,1184.9,1136.7,288.6,4294.1,1193.2,307120.2,380.9,408.4,288.6,287.5,1038.3,23579.2,3361.9,4358.9,####,####,426367.4,344893.2,335464.1,379996.8,124043.6,2657170.3,2254782,789419.2,123794,2833819.3,120439.5,644964.8,3686634.3,150256.1,####,####,614.3,563.1,321.9,1461.2,375.1,18847.3,1746.3,1507.1,311.2,430,365.8,1713.7,14342.6,566.2,####,####,444.8,444.1,362.2,748.8,394.1,31207.8,402.8,388.2,361.3,373,364.7,4648.8,1263.9,713,####,####,491,476.1,297.9,1139.3,418.3,70726.3,301.1,302.7,298.2,294.5,383.1,5510.9,1045.2,1145.8,####,####,####,####,####,####,####,####,####,####,####,####,####,####,####,####,####,####,820.81,858.29,538.26,144.58,133.79,1.4,0.17,0.45,495.84,41.79,132.87,0.92,9.39,135.19,0,0
02-Well-E03,C1,25,0.57,Beads Population=#### Beads Count=1 Sample Volume=1μL,58155,49860,38016,11844,11272,95,8,29,36268,1711,11201,71,477,11367,0,0,4696.9,4205.5,3420.4,6725.6,3363.3,62876.5,10013.1,6796.9,3241.2,7131.4,3355,4682.4,74996.4,3860.7,####,####,7795.2,6586.2,2672.6,19147.8,2009.6,62140,38346.9,12056.2,1718,22581.7,1961.9,9537.3,415579.1,2512.1,####,####,1977.9,1748.5,1103.9,3817.4,1631.6,213641.2,8418.3,8867.8,1091.6,1199.3,1442.1,31529.6,13682.7,3403.4,####,####,1418.4,1319.5,281.8,4650,1215,404197.5,490.3,406.8,281.3,290.5,1134.1,13970.8,6248.4,4582.9,####,####,209644.5,185406.9,161042.1,263611.2,123349.2,2721757,2666694.5,874651.9,123634,930169.8,119812.5,681308.6,3088578,145065.5,####,####,416.4,382.3,308.1,620.4,362.4,19864.1,1409.9,1626,307.3,296.4,361.8,466.9,2883.9,525.4,####,####,455.7,453.7,361.4,750.1,406.1,42278.8,397,362.7,361.4,359.7,365.3,6856.2,608.2,756.1,####,####,529.3,499.6,298.5,1145.4,414.1,85692.4,271.9,302.6,298.4,299.8,400.5,2550.4,1587.7,1126.8,####,####,####,####,####,####,####,####,####,####,####,####,####,####,####,####,####,####,775.29,835.64,506.81,157.9,150.27,1.27,0.11,0.39,483.5,22.81,149.32,0.95,6.36,151.54,0,0
02-Well-E04,C1,45,0.57,Beads Population=#### Beads Count=1 Sample Volume=1μL,60676,51262,38028,13234,12673,141,11,29,36471,1517,12570,103,420,12814,0,0,4501.4,4255.3,3308.3,6976.6,3358.4,54724.7,13578.4,6783.6,3243,4737.7,3343.3,5209.3,100120,3923.6,####,####,7079.7,6335.7,2264.5,18034,2042.9,54893,77952.9,11026.7,1747.8,13972.1,1988.9,8640.6,488171.7,2624.5,####,####,1805.6,1667.1,1021.5,3522.1,1565.2,140839.4,9910.7,8167.6,1002.3,1283.1,1347.1,28178.1,16470.2,3097.7,####,####,1671.5,1639.2,275.3,5558.4,1536.2,371276.3,507.5,424.6,274.6,288.8,1426.5,14927.3,4145.8,5604.7,####,####,194145.2,169844.4,146518.7,236870.8,118941.1,2555854.8,2660382,787012.4,126690.2,592754,115116.4,585705,3016741.8,145755.9,####,####,423.4,400.3,311.1,656.7,367.3,18227.2,2130.5,1176.7,310.5,294.9,366.1,517.3,3490.5,563.8,####,####,462,457.5,362.1,731.7,426.9,27737.2,393.2,393.3,362.4,354.6,367.3,7699.7,862.9,727.4,####,####,579.6,563.4,298.3,1325,465.7,79037.7,301.5,328.5,298.4,296.6,444.5,3050.8,1164.7,1330.3,####,####,####,####,####,####,####,####,####,####,####,####,####,####,####,####,####,####,808.79,858.99,506.9,176.4,168.93,1.88,0.15,0.39,486.15,20.22,167.55,1.37,5.6,170.81,0,0
02-Well-E05,C1,75,1,Beads Population=#### Beads Count=1 Sample Volume=1μL,66033,56795,41722,15073,14464,107,12,20,40290,1400,14306,158,502,14571,0,0,4665.1,4333.3,3281.3,7245.3,3266.2,50033.7,11528,7159.2,3155.2,6784.7,3253.4,4430.7,112772,3609.7,####,####,8550.9,7526.9,2501.3,21437.5,1920.8,62381.5,28898.9,13877,1666.1,26149.6,1855.5,7834.8,575040.8,2364.8,####,####,1481,1324,935.8,2398.3,1614.6,63860.4,9408.1,10255.4,910.3,1465.7,1420.2,19219.5,11877.2,2071.7,####,####,1403.5,1375.8,271.7,4431.9,1852.3,348691,490.8,443,270.5,302.3,1624.6,22467.7,5380.4,4399.3,####,####,197778.8,165887.3,144503.2,225078.5,110304.4,2572805.5,1901744.1,963873.4,121727.1,773199,105653.7,531393.2,3031626,128387.4,####,####,412.9,382.2,308,587.5,371.7,17878.1,1779.2,1203.1,307.5,297.4,368.6,648.7,3121.1,500.2,####,####,417.2,416.6,362.3,566.9,498.2,9573.6,376.3,370.6,362.3,363.4,367.7,12311.8,626.8,564.8,####,####,525.4,501.4,296.6,1068.2,513.9,73865.2,306.8,297.9,296.6,295.6,472.3,4283.7,1522.5,1052.6,####,####,####,####,####,####,####,####,####,####,####,####,####,####,####,####,####,####,880.37,951.94,556.25,200.96,192.84,1.43,0.16,0.27,537.16,18.67,190.73,2.11,6.69,194.26,0,0
02-Well-E06,C1,100,0.76,Beads Population=#### Beads Count=1 Sample Volume=1μL,47998,44242,30043,14199,13747,85,9,20,28921,1093,13657,90,367,13832,0,0,4950.4,3991.2,3243.3,5573.8,3228.9,71050.1,11757.6,7529.9,3069.2,7702.1,3217.5,4952,78243.2,3645.7,####,####,8753.8,5906.6,2893.6,12281.6,2256.3,79672.4,36282.2,12057,1603.9,36578.4,2205.7,9928.6,372197.1,2732,####,####,1861.3,1461.8,972.9,2496.2,1939.1,38182.5,6949.3,6599.9,955.1,1292.4,1544.6,61807.4,15100.3,2161.8,####,####,3209.5,2959.5,271,8648,4088.2,760266.8,481.9,422.7,269.2,315.4,3665.4,68247,5366.4,8735.1,####,####,209649.7,165900.9,149491.7,200620.4,107233.5,2763278.8,2384982.5,826339.5,117274.8,971163,103765.2,633523.3,3105155.5,123555.3,####,####,494.2,431.1,311.8,683.7,411.8,34764.6,1641,1245.5,311.4,293.8,405.8,1315.2,2975.6,622.9,####,####,454.7,448.1,363.5,627.2,626.1,654.5,390.3,370.7,363.2,370.6,369.1,39626.2,661.5,626.3,####,####,849.3,775.4,295,1791.9,786.7,166490.8,366.7,314.1,294.8,298.7,719,11057.2,1299.5,1804.9,####,####,####,####,####,####,####,####,####,####,####,####,####,####,####,####,####,####,639.8,741.36,400.46,189.27,183.24,1.13,0.12,0.27,385.51,14.57,182.04,1.2,4.89,184.38,0,0
02-Well-E07,C1,125,0.49,Beads Population=#### Beads Count=1 Sample Volume=1μL,36264,30409,25196,5213,4694,155,5,17,24407,767,4662,32,364,4849,0,0,5849.4,4734.7,3150,12394,4546.5,63088.7,10387.4,5722.3,3066.8,5694,4532.2,6637,92005.5,6417.8,####,####,12513.8,9384.6,2045.1,44858.5,8937.9,63109.4,25745.7,9722.7,1464,20212.6,8813.7,27026.9,500305.4,10669.5,####,####,2299.8,2146.4,932.6,8012.9,6829.1,14016.9,11752.4,8790.3,915,1245.8,1761,745182.1,20722.7,7058.8,####,####,8283.9,8452,270.3,47996.8,25843.3,810274.1,443.4,422.5,269.1,304.9,25818.9,29394.2,9083.7,50917.9,####,####,242908.3,206960,133135.1,563778.1,281617.7,2011739.4,1526092.8,707439.3,107554.4,925339.1,270496.3,1901877,3585829.5,336921.7,####,####,624.8,596,311.7,1969.7,1058.3,23821.7,1267.1,1301.2,311.2,302.5,1060.9,676.3,4418.4,1785.9,####,####,406.5,384.5,363,488.4,421,975.1,396,379.7,363,361.5,404.5,2821.8,1150.5,438.7,####,####,1463.1,1477.8,296.2,7189,3180.7,140287.3,247.8,328,296.2,296,3188,2116.4,2202.1,7563.3,####,####,####,####,####,####,####,####,####,####,####,####,####,####,####,####,####,####,483.34,509.5,335.82,69.48,62.56,2.07,0.07,0.23,325.31,10.22,62.14,0.43,4.85,64.63,0,0
02-Well-E08,C1,150,0.67,Beads Population=#### Beads Count=1 Sample Volume=1μL,22196,18677,17375,1302,1036,57,3,12,16633,727,1031,5,209,1093,0,0,6564.4,5290.9,3327.4,31493.7,5870.2,48761.6,9847,5608.4,3080.6,8908.9,5863.4,7265,153798.8,8106.9,####,####,17671.7,13292.9,3034.3,150193,13477,53868.4,25760.9,12805,1653.2,34376.2,13394,30604.3,854155.6,15583.4,####,####,1975.4,1309.3,930.3,6366.1,4058.8,6226.5,11015.6,5610.3,920.1,1044.4,1442.1,543623.2,17841.2,4171.8,####,####,4281.2,4153.3,269.8,55978.4,36892.6,584218.6,413.4,294.7,268.9,289.9,36908.9,33541.9,6519.8,65435.7,####,####,279423.1,231078.5,171728.7,1023092.1,350343.4,1364002.3,1634826.5,852029.5,122806,1273762.3,342561.4,1954985.3,4264890,403205.8,####,####,544.5,477.2,314.2,2652.5,1348.9,17226.9,1681.5,1156.2,313.4,312.2,1351.5,802.9,5139.7,2176.9,####,####,396.7,372.9,362.3,513.7,447.3,499.5,381.7,360.9,362.2,363.8,409.8,8180.3,847.1,450,####,####,890.1,831.5,296.6,7970.4,4034.5,102893.7,320.5,296,296.6,295.5,4035.5,3826.7,1591.9,9190,####,####,####,####,####,####,####,####,####,####,####,####,####,####,####,####,####,####,295.92,313.04,231.64,17.36,13.81,0.76,0.04,0.16,221.75,9.69,13.75,0.07,2.79,14.57,0,0
02-Well-E09,C1,175,0.46,Beads Population=#### Beads Count=1 Sample Volume=1μL,16355,13377,12897,480,180,18,5,10,12176,706,163,17,282,198,0,0,7254,5827.9,3296.2,73851.3,5363.5,74986.9,29739.3,5780,3118.9,6131.5,5200.9,6922.8,117494.4,11692.9,####,####,18096.9,14955.5,3160.7,331864.6,12889.9,76318.5,51046.7,11354.3,1816.6,25886.6,11320.1,27942.2,551776.9,18656.2,####,####,3034.2,2407.6,928,42161.8,61138.4,150488.1,9901.2,4691.6,909.9,1122.8,1452.5,633421,23134.6,69261.1,####,####,1895.5,1883.9,270.7,45230.6,28295.3,821796.5,362.2,279.6,268.9,300.4,28685.8,24551.3,6472.3,100431.8,####,####,359573.9,272722,190975.3,2469154,445793.5,1860731.5,2716256,732065.8,134236.3,1143973.1,301332.7,1830917.6,3799496.3,574424.3,####,####,521.5,426.6,323.1,3206,1118.8,30841.9,11295.8,1091.8,318.4,315.8,1159.4,729.8,2774.2,3820.9,####,####,400.9,386.1,363.8,983.8,724.7,1329.9,372.8,380.2,363.5,369.7,400.8,3830.2,1127.1,779.7,####,####,675.8,621.9,298.8,9302.1,3206.8,187705.4,260.3,310.6,298.8,298.7,3215.8,3120.6,1805.4,19979.4,####,####,####,####,####,####,####,####,####,####,####,####,####,####,####,####,####,####,217.97,224.12,171.89,6.4,2.4,0.24,0.07,0.13,162.28,9.41,2.17,0.23,3.76,2.64,0,0
02-Well-E10,C1,250,0.2,Beads Population=#### Beads Count=1 Sample Volume=1μL,12157,9707,9304,403,55,5,2,5,8673,624,42,13,343,60,0,0,9759.4,6926,3552.3,84815.7,4814.5,43106.2,56923.2,5627.1,3042.8,10444.9,3975.6,7524.7,98251.9,8005.5,####,####,26937.5,20907,4472.2,400335.1,10473.4,44811,63962.6,11216.6,1754.4,42001.3,4733.5,29017.7,468031.9,13334.9,####,####,2858,2304,1015.7,32047.1,123716,130154.4,24602.9,5320.1,999.3,1133.2,1760.1,517727.1,15917.8,124252.5,####,####,1251.5,836.4,274.5,13808.2,8947.8,467456.2,601.6,351,271.8,309.5,5356.3,20551.2,7974.6,47156.8,####,####,485875.5,372742.2,224390,3797726.3,690775.3,1983414.3,3821114.8,690134.8,129384,1529622,273558.9,2038705.3,4322373,798495.2,####,####,656.7,468.3,323.6,3807.7,600.5,11133,20902.4,973.7,317.7,335.5,623.8,525.4,4215.2,1478.2,####,####,467.8,405.2,366,1309.8,1144.2,1451.6,434.3,440.7,365.6,370.1,376.7,3623.9,1334.2,1169.8,####,####,599.5,410.3,297.6,3013,1407.7,64337.8,511.8,273.4,297.5,298,955.9,2867.6,2376.5,6651.9,####,####,####,####,####,####,####,####,####,####,####,####,####,####,####,####,####,####,161.97,162.56,123.96,5.37,0.73,0.07,0.03,0.07,115.55,8.31,0.56,0.17,4.57,0.8,0,0
02-Well-F01,C2,,0.35,Beads Population=#### Beads Count=1 Sample Volume=1μL,35896,29466,24945,4521,3993,200,5,16,24312,612,3989,4,328,4193,0,0,6297.4,5474,3208.3,17975.2,4972.2,49081.3,11730.3,4598.4,3133.2,6086.1,4973,4117.9,157303.2,7076.1,####,####,16334.1,13915.3,2044.7,79412.8,10453.1,55309.2,47719.3,10093.1,1497,23216.2,10455,8535.4,933610.8,12592.6,####,####,2442.7,2080.3,1473.9,5426.7,2875.8,27029.8,7584.1,6818.2,1474.4,1263.5,2773.7,104733.8,23308.2,4027.9,####,####,9239.4,9333,274.7,59312.8,31084.4,710092.6,458.4,370.5,273.9,302.8,31111,4588.9,6142.3,63472.1,####,####,254583.1,201380.7,129121.8,600075.1,300932.8,1634397.1,3508155.5,669844.3,109407.2,870553.3,300529.6,702960.4,3611084.5,364537.1,####,####,709.1,629.1,313.3,2371.7,1217.4,19685.3,2792.3,1209.7,312.2,314.8,1218.1,455.8,5867,2098.3,####,####,395.7,387.9,360.8,537.3,405.5,2738.2,407.4,375,360.8,361.3,403.8,2162,798.8,516.8,####,####,1557.7,1560.9,295.6,8542.4,3629.7,118481.9,241.7,351.6,295.6,296.7,3631.6,1812.2,1312.3,9108,####,####,####,####,####,####,####,####,####,####,####,####,####,####,####,####,####,####,478.24,493.45,332.34,60.23,53.2,2.66,0.07,0.21,323.91,8.15,53.15,0.05,4.37,55.86,0,0
02-Well-F02,C2,5,0.54,Beads Population=#### Beads Count=1 Sample Volume=1μL,58976,49651,39038,10613,9962,125,10,39,37162,1827,9872,90,526,10087,0,0,5040.4,4412.9,3495.2,7788.7,3378.4,57417,11280.9,6435.5,3245.9,8461.4,3367.1,4618.4,79521.9,4048,####,####,9367.2,6907,3080.9,20980.6,2297.7,66682.8,40073.6,11167.6,1751.5,29744.9,2237.6,8887,363957.5,3095.6,####,####,2125.2,1816.7,1179.7,4159.8,2127.1,115410.9,6994,5964,1171.2,1218.1,1963.4,20080.8,16220.2,3530.9,####,####,1183.8,1031.7,287.9,3767.5,1034.9,223637.1,385,381.2,287.7,289.1,973.3,7794.7,3270,3793.5,####,####,226744.9,196511.8,166824.5,305711.2,159031.9,2727079.5,2230029.8,757945.1,126380.4,965564.3,154654.3,639209.3,2508274.5,190855.6,####,####,455.1,403.8,314.2,733.7,362.8,20176.9,1632,1291.6,313.8,292.8,362.6,392.2,3136,608.4,####,####,432.4,417.3,362,620.6,397.8,18220,374.4,398.2,362.1,359.1,365.8,3898.3,658.8,618.6,####,####,520.1,474.3,297.3,1125.2,377.4,61193.8,361.4,332.6,297.7,287.8,366.4,1580.9,1014.2,1131,####,####,####,####,####,####,####,####,####,####,####,####,####,####,####,####,####,####,785.93,831.73,520.23,141.43,132.76,1.67,0.13,0.52,495.23,24.35,131.56,1.2,7.01,134.42,0,0
02-Well-F03,C2,25,0.58,Beads Population=#### Beads Count=1 Sample Volume=1μL,58671,49364,37630,11734,10851,151,10,29,35786,1805,10783,68,732,11002,0,0,4963,4592.2,3424.4,8337.4,3485.9,56389.4,10420.6,6652,3268.8,6417.6,3475.5,5144.7,70342,4212,####,####,9129.7,7826.5,2736.3,24150.2,2354.3,58206.1,32361.4,10696.8,1756,21879.6,2309,9536.4,340222.4,3120.8,####,####,2197.1,2037.2,1153.7,4870.6,2836.8,118642.4,8938.3,8549.2,1130,1461.3,2741.9,17880.4,11551.2,4426.2,####,####,1700.2,1413.3,278.8,5051.5,1243.2,288552.5,446,411.9,277.2,307.3,1168.4,13107.5,3022.6,5186.5,####,####,232475.5,205719,162950.9,342872.9,158955.5,2313666.8,2061573.4,779992.1,127838,838669.8,155959.3,634073.8,2662678.5,188528.4,####,####,455,411.1,311.7,729.8,370.3,17494.5,1265,967.6,311.4,302.6,369.4,502.1,2601.5,605.3,####,####,457.1,450.1,361.1,735.7,405.2,25303.7,370.6,363.2,361.2,358,367.6,6379.9,566.1,747,####,####,611.9,529.8,298.2,1272.9,406.6,64999.1,317.3,290.7,298.3,296,393.4,2505,967.9,1293.2,####,####,####,####,####,####,####,####,####,####,####,####,####,####,####,####,####,####,781.27,826.13,501.08,156.25,144.49,2.01,0.13,0.39,476.53,24.04,143.59,0.91,9.75,146.5,0,0
02-Well-F04,C2,45,0.65,Beads Population=#### Beads Count=1 Sample Volume=1μL,65811,55960,41633,14327,13731,143,10,24,40455,1144,13504,227,453,13874,0,0,5012.2,4394.5,3285.4,7617.2,3444.8,62929.5,9795.9,6201.5,3202.2,6109.3,3397.7,6248.6,116627,4057.9,####,####,9292.6,7455,2112.5,22979.7,2524.7,79885,27527.3,9745.6,1635.6,18596.2,2384.9,10844.9,625031.2,3322.1,####,####,2073.3,1873.6,1030.5,4323.5,3367.8,44412,11282.8,8515.4,1013.4,1390.2,2278.9,68145.9,20638.8,3790.8,####,####,2126.4,1975.8,270.1,6932.5,2763.9,410970.4,510.6,398.3,269.2,298.5,2207.8,35846.2,5746,6971.3,####,####,187538.4,170920.6,137390.7,268355.4,152686.5,2870139.3,1857330.8,629986.9,119606.4,740924.8,144415.1,644746.8,2953110,180695.4,####,####,452.1,420.5,310.1,741.5,404.2,23633.4,1124.7,1226.7,309.5,305.8,392.5,1101.2,3738.2,643.7,####,####,426.7,419.1,363.1,581.6,558.6,700,428.2,398.3,363.1,363.1,368.7,11857.3,1241.4,560,####,####,669.9,633,298.1,1605.9,638,95162.1,336.2,338.7,298.1,298,543.3,6271.3,1411.3,1612.3,####,####,####,####,####,####,####,####,####,####,####,####,####,####,####,####,####,####,876.45,936.66,554.46,190.8,182.87,1.9,0.13,0.32,538.77,15.24,179.84,3.02,6.03,184.77,0,0
02-Well-F05,C2,75,1.09,Beads Population=#### Beads Count=1 Sample Volume=1μL,52993,44942,31739,13203,12612,84,8,19,30499,1213,12518,94,507,12696,0,0,8625.7,7825.5,4588,15608.3,3337.1,72969.7,9851,5472.5,3125.1,41321.4,3323.5,5158.4,311358.8,3797.9,####,####,24752.7,22501.6,9350.6,54115.7,2570.4,84107.9,23165.3,10494.3,1607,203941.3,2513,10213.6,1331375.8,3109.8,####,####,1960.7,1711.5,1019,3376.3,2738.3,22840.5,6883.3,8383.2,1007,1166.4,2437.3,42830.4,16020.2,2871.3,####,####,3040.3,2777.8,271.5,8802.9,4198.9,684713.4,389.4,373.8,270.2,301.4,3872.7,47641.2,11345.7,8701.4,####,####,255871.6,221356.5,193541,288222.9,137624.2,2379040,1585112.5,742254.6,116879.7,2103299,133638.2,668445.5,3688068,152454,####,####,614.6,530.7,315.2,1048.9,431.2,32487.5,1414.5,1321.9,313.6,331.5,427.6,912.7,11206.8,643.3,####,####,438.6,429.5,364.3,586.2,547.3,1014.5,368.5,394.4,363.8,376.5,369.7,24193.9,1482.8,550.4,####,####,896.4,765.5,297.7,1890.1,805.6,162981.9,316.6,337.4,297.6,299.2,755.9,7423.6,2176.7,1878.6,####,####,####,####,####,####,####,####,####,####,####,####,####,####,####,####,####,####,706.3,752.99,423.02,175.97,168.1,1.12,0.11,0.25,406.5,16.17,166.84,1.25,6.76,169.22,0,0
02-Well-F06,C2,100,0.5,Beads Population=#### Beads Count=1 Sample Volume=1μL,39076,34886,26100,8786,8366,90,19,21,25350,710,8329,37,330,8456,0,0,5133.5,4599.8,3459.8,7986.4,3643,48009.6,19010.9,57617,3099.9,14291.9,3622.8,8182.8,107184.5,4115.2,####,####,10818.6,9488.4,3580.5,27038.3,4562.7,66687.1,46259.5,8545.4,1585.2,73533.7,4509.3,16568.3,586017.6,5223.9,####,####,2214.6,1724.7,1025.8,3800.7,3107.1,18757.6,6708.6,4291.5,1011.9,1275.2,2350.7,173371.8,17304.9,3273.7,####,####,4440.3,4256.8,271.9,16094.4,11064.1,527680.6,469.5,692.8,270.3,310.7,10569.7,122360.7,4094.5,16562.7,####,####,244098.6,202935.2,154647.7,346379.8,193669.4,2564155.8,2495083,826882.6,115569.7,1467382.9,190400.2,929594.3,3612973,218899.3,####,####,523.2,488.8,319.6,991.6,654.8,20778.6,3899.5,2157.1,315.6,309.1,646.9,2435.5,4133.3,869,####,####,434.5,425.4,363.3,609.6,581.7,2577.9,397.6,961.5,363,357.4,379.4,46132.1,779.7,603,####,####,975.4,907.8,295.5,2726.7,1717,103313.7,340.1,620.2,295.2,297,1640.1,19032.9,890.3,2798.3,####,####,####,####,####,####,####,####,####,####,####,####,####,####,####,####,####,####,520.14,583.55,347.41,116.95,111.36,1.2,0.25,0.28,337.43,9.45,110.87,0.49,4.39,112.56,0,0
02-Well-F07,C2,125,0.3,Beads Population=#### Beads Count=1 Sample Volume=1μL,27582,23197,19906,3291,2878,146,1,9,19355,541,2874,4,267,3024,0,0,5547.7,4972,3180.5,15808.2,5150.8,56980.8,7141.7,5339.9,3067.1,7194.9,5143.6,10327.8,108170.2,7653.2,####,####,12521.3,10395.1,2337.9,59130.1,11323,62024,22147.1,10801.3,1543.1,30595.8,11287.1,37168.9,572861.4,13770.9,####,####,1478.1,1226.1,919.6,3079.8,1755.2,9530.4,11714.1,7456.5,910.7,1107.9,1609.5,106419.1,13830.3,2130.6,####,####,8906.8,9093.4,269.9,62463,32924.4,748918.5,439.4,349.5,269.1,299.1,32333.4,457575.2,5495.6,67492.9,####,####,276292.6,216622.7,144832.7,650853.3,318583,1807323.4,1805070.1,661075.3,114171.1,1230133.9,317393.2,1173502.5,3600026.8,390460,####,####,631.6,590.2,311.2,2277.7,1247.8,19908.1,986,1157.2,311,304.3,1236.7,9245,3738.9,2148.7,####,####,384,374.7,362.5,448,412,502.7,441.2,372.2,362.6,360.5,402.7,7099.6,805.8,416.4,####,####,1488.6,1468.2,296.4,8555.9,3812,114756.6,290.8,321.5,296.4,296.6,3709.9,77111.7,1618.9,9168.4,####,####,####,####,####,####,####,####,####,####,####,####,####,####,####,####,####,####,367.44,388.42,265.18,43.84,38.34,1.94,0.01,0.12,257.84,7.21,38.29,0.05,3.56,40.28,0,0
02-Well-F08,C2,150,0.48,Beads Population=#### Beads Count=1 Sample Volume=1μL,17921,14679,13904,775,543,32,2,14,13306,582,536,7,200,575,0,0,7069.8,5218.4,3267.8,40213.8,5948.6,71525.6,8987.8,4741.1,3127.4,6422.4,5960.5,5037.3,128233.8,9598.1,####,####,17802.8,12741.8,2838.1,190422.2,13900.2,62298.4,29423.9,9704,1785.2,26652.4,13890.6,14633.6,690179.4,16593.6,####,####,1799.3,1391,985.3,8670.7,6463.2,9193.1,16963.6,4902,976.5,1035.9,1725,369274.2,14580.5,6615.1,####,####,3502.8,3262.3,271.6,56918.6,37248.2,692521.4,433.5,359.8,271,282.9,37510.5,17160.4,8627.2,73715.6,####,####,333250.4,229787.4,168972.7,1320842.6,358460.7,1946904.9,2006581,691263,131749.2,1001117.4,348956.4,1086217.1,3833539.5,446861.1,####,####,612.3,456.3,319.6,2908.1,1334.8,18130.7,1980.4,983.5,318.7,318.8,1345.7,493.2,4744.2,2269.5,####,####,425.9,381.9,364.4,695.6,461.3,517.5,504,354.9,364.5,360.8,417.3,3826.7,1360.3,464.4,####,####,844.5,689,297.3,7715.6,3946.4,105187,335,311.4,297.4,295,3966.7,2393.6,2353.3,9580.7,####,####,####,####,####,####,####,####,####,####,####,####,####,####,####,####,####,####,238.83,245.91,185.3,10.33,7.24,0.43,0.03,0.19,177.33,7.76,7.14,0.09,2.67,7.66,0,0
02-Well-F09,C2,175,0.29,Beads Population=#### Beads Count=1 Sample Volume=1μL,17103,13978,13643,335,126,11,7,8,12924,704,115,11,198,137,0,0,6764.6,4702.7,3249,63905.3,5749.6,77701.5,32368.7,5468,3062.7,6353.6,5647.6,6816.5,100147.1,11526.8,####,####,17920.3,12246.2,3557.5,366095.9,12335.4,86037.5,48474.9,8441.6,1812.8,35083.6,11679.8,19189.9,606775.1,18253.1,####,####,1772.6,1279.4,902.4,16634.3,27572,12499.9,10973.3,6449.1,892,931.2,3624.2,277934.3,9903.7,26361.8,####,####,1498.9,1320.6,271.5,44045.6,26440.5,948060.1,482.6,388.3,270.2,291.7,27078,19775.5,5025.9,100439.2,####,####,326529.6,245849.2,187365.7,2627611.3,411573.9,2937550.8,2852694.5,600232.3,134599.9,1124845.4,329705,1267476.5,4020598,614389.6,####,####,488.7,395.3,316.6,3601.2,1079.6,25927.7,1963.5,1480.4,315.6,305.5,1119.9,657.9,3965.5,3074.7,####,####,398.2,371.7,363.3,713.4,642.3,1099,378.6,420.9,363.4,360.7,399.1,3185.1,737.3,679,####,####,531.7,454.2,295.3,6924.1,2868.2,145751.3,355.5,320.3,295.5,291.9,2859.4,2959.2,1792.6,14340.5,####,####,####,####,####,####,####,####,####,####,####,####,####,####,####,####,####,####,227.93,234.16,181.82,4.46,1.68,0.15,0.09,0.11,172.23,9.38,1.53,0.15,2.64,1.83,0,0
02-Well-F10,C2,250,0.21,Beads Population=#### Beads Count=1 Sample Volume=1μL,11995,9728,9405,323,45,2,1,9,8660,735,43,2,276,47,0,0,8856,6451,3532.1,91443.6,4324.7,47255.8,7132.9,8041.5,3041.1,9256.7,4332.4,4159.4,105968,6151.5,####,####,24072.2,18906,3987,453311.3,4617.7,56920.5,51625.5,12580.4,1755.5,30109.2,4277.2,11939.2,529340.3,6843.4,####,####,1928.9,1482.2,1057,13862.2,11413.2,47030.3,456.4,11555.7,1032.7,1215.5,7211.8,101743.8,14021.2,12928.9,####,####,783.5,501.9,276,7080.2,4832.1,117216.8,510.9,407.5,272.9,311,4740.3,6804,6648.6,9614.4,####,####,460249,360272.8,242673,3784505,265963.7,3770707,3327102.5,821765.1,128957.7,1571214.6,238810.2,849764.1,4358280,415101.7,####,####,579.7,413.8,315.9,3263.2,567.2,12861.3,1382,1422.4,315.3,307.8,564.7,620.8,3633.2,1090.4,####,####,419.9,392.3,363.9,1221.4,448,42066.8,443.8,398.9,364.2,359,390,1694.8,1051.6,2219,####,####,499.8,361.8,295.7,2286,914.4,133016.8,432.9,260.7,295.6,297.2,887.8,1485.8,1562.3,6535.8,####,####,####,####,####,####,####,####,####,####,####,####,####,####,####,####,####,####,159.81,162.92,125.31,4.3,0.6,0.03,0.01,0.12,115.38,9.79,0.57,0.03,3.68,0.63,0,0
02-Well-G01,Deep,,0.32,Beads Population=#### Beads Count=1 Sample Volume=1μL,37934,31537,25486,6051,5449,186,9,19,24744,714,5421,28,416,5635,0,0,5766.6,5128.8,3304.6,12811.9,4340.9,52162,13920.9,4809.5,3152.2,8413.9,4327.9,6842.8,106176.1,5919.3,####,####,14816.4,12754.3,2443,56184,7430.3,57376.2,44771.3,10562.2,1469,35448.2,7343.8,24185.4,694253.2,9078.9,####,####,3521.6,3317.5,1657,10311.2,7426.9,49042.4,4966.5,7801.8,1647.9,1765.6,3849.4,700057.8,30774,8800.6,####,####,8167.3,8357.5,277.6,42388.8,22351.7,711369.1,533.4,402.8,276.2,320.6,22179.2,55745.8,5734.8,45094.7,####,####,236809.5,209455.5,133948.3,527481.4,254777.6,1852096.5,2747922.3,668297.4,107386,1007311.2,247579.8,1648336.4,3507252.3,307501.9,####,####,663.4,624.3,318.4,1912.9,1004.6,23590,2611.7,1287.2,316.7,321.9,1004.5,1024.4,4117.2,1750.1,####,####,403.5,393.6,360.8,531.5,493,656.5,388,426.1,360.8,360.5,422.9,14059.8,980.2,498.4,####,####,1557.6,1600.8,296.2,7095.3,2781.7,145803.6,345.9,316.5,296.2,297.8,2767.3,5581.1,1577.7,7502.6,####,####,####,####,####,####,####,####,####,####,####,####,####,####,####,####,####,####,505.7,528.54,339.76,80.67,72.64,2.48,0.12,0.25,329.87,9.52,72.27,0.37,5.55,75.12,0,0
02-Well-G02,Deep,5,0.61,Beads Population=#### Beads Count=1 Sample Volume=1μL,58952,49841,38902,10939,10105,129,17,71,37276,1538,9902,203,705,10234,0,0,5745.7,5008.2,3393.4,10750.9,3499.5,44124.1,11305.5,6443.8,3255.8,6499.7,3472.9,4797.2,108581.6,4011.5,####,####,13898.8,11266.4,2661.4,41868.1,2336.1,55288.7,38985.3,11328.9,1714.2,24818.1,2206.2,8672.9,606037.1,3003.6,####,####,2803.8,2580.1,1362.3,6910.6,5765.3,49612,3134.4,3214.2,1356.5,1399.2,5564,15583.9,15513.3,6318,####,####,1203.7,1079.8,277.4,3933.2,1546,189806.5,351.2,362.5,276.1,304.9,1400.1,8663.3,4138.6,3919.1,####,####,224436.4,204186.5,159113.3,364478.9,159973.9,2186219.5,2428782,805984.1,124615,940288.4,151188.8,588495.6,2962377.8,185514.8,####,####,473.6,428.8,320,815.7,432.4,14989,4118.2,1611.2,315.6,325.1,432.4,432.7,3716.8,615.9,####,####,408.9,399.6,361.9,533.8,453.7,5887.4,373.4,378.6,361.8,363.4,369.2,4577.1,701.7,522.2,####,####,493.5,465.9,295.6,1071.6,475.3,47326.6,340.7,337.1,295.8,289.7,441.1,2145.5,1154.6,1065.9,####,####,####,####,####,####,####,####,####,####,####,####,####,####,####,####,####,####,785.76,835.12,518.52,145.8,134.69,1.72,0.23,0.95,496.85,20.5,131.98,2.71,9.4,136.41,0,0
02-Well-G03,Deep,25,0.59,Beads Population=#### Beads Count=1 Sample Volume=1μL,57428,49342,38380,10962,10280,150,7,24,37079,1270,10038,242,532,10430,0,0,5097,4394.8,3319.8,8158.3,3473.9,55335.5,11091.2,7121.8,3265.1,4803.9,3444.1,4708.1,85376,4219.7,####,####,9280.5,7767.2,2233.1,27143.4,2252.9,71483.4,33224.7,11389.8,1727.7,16643.5,2115.2,7965,495606.6,3248.6,####,####,2350.6,2168.1,1165.1,5679.6,4305.3,54639.7,8500.4,8464.6,1154.7,1290.3,4165,10125.3,18431.7,5029.2,####,####,1492.5,1353.7,274.8,5131.2,1458,257738.8,472.5,462.4,274,293.9,1301.1,7965.4,4885.5,5143.7,####,####,216653.3,185082.9,147458,316814.6,148936.5,2666338.5,2262263.3,833421.3,125361.7,767964,139658.1,533800.9,2898315.3,185140.8,####,####,468.6,433.4,313.9,851.7,414.2,22802.5,1396,929.6,313.8,299.1,414.3,410.7,3117.1,736.2,####,####,399.9,393.2,361.4,504.5,461.1,3078.9,360,373.9,361.4,360.2,368.8,4288.8,617.6,498.7,####,####,603.1,550.9,297.1,1439.5,454.8,69388.8,314.4,339.9,297,298.2,414.9,2111,1308.1,1446.2,####,####,####,####,####,####,####,####,####,####,####,####,####,####,####,####,####,####,764.57,825.57,510.98,145.94,136.86,2,0.09,0.32,493.65,16.91,133.64,3.22,7.08,138.86,0,0
02-Well-G04,Deep,45,0.58,Beads Population=#### Beads Count=1 Sample Volume=1μL,60289,51133,41859,9274,8575,126,6,29,40303,1521,8261,314,573,8701,0,0,5235.1,4462.5,3333,9560.2,3529.8,41737.8,12840.2,7573.4,3242.9,5602.3,3484,4735.6,92729.8,4083.1,####,####,10530.5,8138.4,2449.9,33813.6,2498.2,52770.9,32604.7,12132.1,1722,21435.4,2312.9,7374.3,498282.7,3226.2,####,####,2101.2,1917.2,1160.8,5331.2,4223.8,42201.5,3770.7,6540,1147,1411.3,4040.2,9055.4,13796.1,4773.8,####,####,1183.5,1065.1,272.6,4642.3,1828.7,203287.4,412.2,389.8,271.5,298.8,1490.8,10720,3066.4,4746.1,####,####,211601.7,190328.3,153839.8,355022.4,156783.7,2319410.8,1982608.4,858674.4,126396.5,860373.3,144422.9,481982.8,2889723,188100.9,####,####,462.3,409.3,312.6,846,423.4,18920.2,1425.6,982.7,312.3,303.8,417.1,589.8,3196.5,691.2,####,####,409.1,403.6,362.6,588.4,547.6,3223,337.5,393.7,362.5,363.8,372.2,5162.3,620.7,586.3,####,####,527.1,482.2,297,1318.2,522.4,57160.8,271.8,310.4,297.1,294.7,434.3,2838.7,947.8,1342.5,####,####,####,####,####,####,####,####,####,####,####,####,####,####,####,####,####,####,803.48,856.63,557.86,123.6,114.28,1.68,0.08,0.39,537.12,20.27,110.1,4.18,7.64,115.96,0,0
02-Well-G05,Deep,75,0.86,Beads Population=#### Beads Count=1 Sample Volume=1μL,59545,50239,37076,13163,12550,125,5,24,36012,1035,12361,189,488,12675,0,0,4839.5,4419.7,3234.7,7757.6,3354.7,60296.3,11302,6583.8,3158.2,5777.8,3329.4,5014.2,107529.6,3916.3,####,####,9263.1,7556.8,2163.4,22748.1,2396.6,82843.4,32716.2,11225.6,1612.5,20976,2279.5,10055.5,530738.1,3190,####,####,2322.5,2034.9,1052.5,4802,3939,29672,11331.7,8743.1,1039.8,1268.6,2871.4,73766.3,20624.2,4192.8,####,####,2603.5,2477.8,271.5,8692.2,3277.8,556530.3,537,385.4,270.5,302.5,2681.9,42251.9,7606.3,8734,####,####,201735.7,175474.1,142489.5,268381.4,131082.9,2628643.3,2099253.3,773611.3,118778,943422.9,122754.3,675793.8,3194742.3,155713.7,####,####,490.1,447.2,312,828,417.9,29254.4,2230,1179.9,311.5,300.1,411.2,859.8,4091.3,702.3,####,####,488.1,460.5,363.6,733.3,705.9,1628.2,324.5,394.5,363.8,356.9,369,22741.2,1209.4,715,####,####,767.7,721.6,295.6,1921.4,652.3,129628.2,279,335.1,295.7,293.6,558,6819.9,1845.8,1924.3,####,####,####,####,####,####,####,####,####,####,####,####,####,####,####,####,####,####,793.64,841.75,494.16,175.44,167.27,1.67,0.07,0.32,479.98,13.79,164.75,2.52,6.5,168.94,0,0
02-Well-G06,Deep,100,0.52,Beads Population=#### Beads Count=1 Sample Volume=1μL,44701,37929,27520,10409,9969,74,4,10,26735,771,9881,88,366,10043,0,0,5193.4,4076,3161.7,6493.3,3287.3,56420.2,9828.6,5748.8,3097.1,5335.5,3272.4,4961.2,83721.1,3678.8,####,####,10092.7,7002.9,2082,20013.1,2682.5,71438.1,25390.2,11454.3,1624.8,17695.1,2617,10028.2,481663.6,3189.1,####,####,1985.9,1691.4,1034.2,3428.9,2941.8,24447.3,11130.5,7540.8,1026.7,1154.9,2466.3,56334.2,12445.2,3100.3,####,####,2718.9,2692.4,271,9094.4,4795.3,616684.9,450,413.7,269.9,307,4180.7,73808.9,3346.1,9303.9,####,####,203090.9,168503.1,140700.6,242009.3,123606.3,2388120,1625063.9,821077.5,118807.9,883322.6,119196.1,618791.5,3033122,140291.9,####,####,476,423.7,314.8,711.6,442.3,28132.5,1762.2,938.3,314.7,300.6,434.5,1323.7,2501.7,646.4,####,####,481,466.5,362.1,742.4,740.7,1714.2,416.5,366.3,362.3,356.6,369.6,42412.4,591,747.9,####,####,725.1,696.5,297,1752.7,828.3,130665.7,280.4,340.9,297.1,295.6,725.6,12360.6,867.1,1785,####,####,####,####,####,####,####,####,####,####,####,####,####,####,####,####,####,####,595.97,635.73,366.91,138.78,132.91,0.99,0.05,0.13,356.44,10.28,131.74,1.17,4.88,133.9,0,0
02-Well-G07,Deep,125,0.54,Beads Population=#### Beads Count=1 Sample Volume=1μL,30630,25914,22013,3901,3463,147,2,13,21297,701,3408,55,291,3610,0,0,6124.7,4957.2,3208.8,14823.6,4757.8,47882.4,6092.5,5646,3068.7,7412.1,4713.6,7500.9,117910.4,6513.9,####,####,13684,10792.4,2518.9,57478.6,9466,54714.2,25045.3,11785.8,1603.1,30105,9151.5,28955.8,630241.2,11308.5,####,####,3246.8,3032,960.4,14722,12491.4,25837.3,11600.1,10501.6,947.3,1149.3,2148.6,653367.6,35653,13034.8,####,####,7044.1,7199.2,269.4,46302.9,25244,623658.6,458.7,438.9,268.5,292.7,25128.6,32390.6,5257.9,49611.5,####,####,271011.8,226931.9,153991.4,638528.6,319950.8,1957361.3,1716675.1,817428.1,118905.6,1203169.5,293962,1930308.3,3763500,386626.5,####,####,612.5,553,315.3,1894.3,1046.7,17634.6,1516.3,1135.3,315.1,300.2,1051.1,770,4030.6,1722.1,####,####,410.2,396.2,364.1,577.5,518.3,628.9,355.6,364.2,363.9,367.5,436.2,5603.6,1256.5,522.8,####,####,1239.7,1227.5,296.6,6480.3,2995.9,98306.6,407.3,330.5,296.7,293,2989.2,3410.9,1559.3,6877,####,####,####,####,####,####,####,####,####,####,####,####,####,####,####,####,####,####,408.11,434,293.3,51.98,46.14,1.96,0.03,0.17,283.76,9.34,45.41,0.73,3.88,48.1,0,0
02-Well-G08,Deep,150,0.47,Beads Population=#### Beads Count=1 Sample Volume=1μL,19804,16426,14981,1445,1137,69,4,8,14441,528,1130,7,239,1206,0,0,6039.1,4768,3195.5,21071.5,5784.8,63197.3,10364.3,5673.9,3040.4,7344.1,5758.7,9996.6,81633.3,9069.6,####,####,14524.1,10303,2646.8,89679.1,13160.9,65030.5,29654.9,10609.8,1748.6,26886.2,13060.9,29293.1,460817,16128.5,####,####,1774.7,1395.4,826.2,7296.6,6685.5,7771.5,12487.5,8538.2,814.3,947.7,1451.3,851632.4,10066.9,6747.6,####,####,5865.4,6150.3,269.2,67123.1,34165.9,819375.8,385.3,364.5,268.1,296,34153.6,36153.5,6733.8,79090.9,####,####,301154.2,232984.2,159366.6,996213.3,363950.8,1860209.3,1723688.6,730781.9,129755.6,948727.4,354979.9,1812113.1,3754651.8,449557.6,####,####,575.3,531.7,321.1,2714.8,1261.4,22969.5,1313.9,1095.2,320.4,321.4,1263.6,905.3,3781.5,2503.4,####,####,395.5,380.6,365.9,532.8,492,608.8,387.5,392.6,365.7,372.6,469.5,4126.3,704.8,498.7,####,####,1279.5,1315.6,296,11885.5,3633.1,131413,301.9,307.5,295.9,298.5,3634.3,3436.8,16636.9,10943.9,####,####,####,####,####,####,####,####,####,####,####,####,####,####,####,####,####,####,264.02,275.3,199.72,19.26,15.16,0.92,0.05,0.11,192.52,7.04,15.06,0.09,3.19,16.08,0,0
02-Well-G09,Deep,175,0.28,Beads Population=#### Beads Count=1 Sample Volume=1μL,17002,14461,13927,534,366,23,6,12,13301,608,362,4,145,389,0,0,5639.7,4800.9,3241.2,45478.5,5616.3,59366.3,18124.5,5657.7,3107.6,5969.7,5605.1,6634.7,143893.2,8794.3,####,####,14982.6,9747,2762.6,191903,12821.4,62488,35205.1,11913.2,1759.9,24199.1,12798.4,14908.1,664457.6,15758,####,####,1706.9,1139.1,968,5600.6,2992.6,6115.6,13053.5,5726.5,951.1,1124.9,1827.5,108433.9,12101.7,3177.3,####,####,2261.8,2206.5,271.3,52675.3,31201.5,697221.4,549.1,360.8,270.1,293.6,31263.9,25555.1,4639.7,70580.6,####,####,307790.1,220422.4,176654.4,1361915.6,341980.6,1557520.8,2745973.3,773323.1,131137.8,1135273.4,337422.4,754502.9,3905345.3,413850.6,####,####,504,412.3,319.6,2830.2,1179.3,24033.6,6960.2,1125,315.9,319,1181.4,986.8,3634,2530.6,####,####,383.7,373.5,365.2,591.3,482.1,688.9,374.8,361.9,365.2,363.3,454.6,2969.4,851.6,494.3,####,####,681.1,649.5,295.4,9885.5,3312.9,170279.3,309.6,322.9,295.2,298.1,3296.6,4786.2,1033.9,13184.9,####,####,####,####,####,####,####,####,####,####,####,####,####,####,####,####,####,####,226.68,242.38,185.68,7.12,4.88,0.31,0.08,0.16,177.33,8.11,4.83,0.05,1.93,5.19,0,0
02-Well-G10,Deep,250,0.28,Beads Population=#### Beads Count=1 Sample Volume=1μL,10838,8700,8312,388,72,3,2,8,7778,524,44,28,313,75,0,0,9570,6533,3501.7,71473,5434.4,15667.2,8079.8,5344.2,3040.6,10300,4127.9,7487.6,87198.8,5843.8,####,####,25320.6,18119.1,3617.4,328785.9,16377.1,24918.2,39835.8,9351,1732.7,31366.7,5059.1,34162.6,403562.4,16718.8,####,####,5188,4431.8,1127,75229.5,304039.7,226158.8,763.9,8580.1,1117.6,1154.7,23604.1,744724.2,21149.2,300924.5,####,####,932.4,592.7,274.6,7407.8,12475,62756.5,263.5,365.8,272.3,308.2,2540.6,28086.1,5711.7,14486.2,####,####,479304.7,363805.3,217876.4,3489993.3,1155830.8,668175.4,2876809.3,633360.3,127235.8,1546808.1,351686.7,2419485.8,4053971.5,1136324.6,####,####,578.6,435.5,317.2,2970.3,682.8,1982.7,1215.2,895,317.4,301.4,743.9,586.6,3505.9,734.7,####,####,454.2,402.3,365.1,1199,1351.4,1831.1,503.4,460.8,364.8,367.7,364.1,2902.8,1157.9,1370.6,####,####,516.2,371.2,295.3,1996,1334.2,7478.9,308.1,294,295.3,295.3,875.3,2055.4,2095.6,1580,####,####,####,####,####,####,####,####,####,####,####,####,####,####,####,####,####,####,144.4,145.7,110.75,5.17,0.96,0.04,0.03,0.11,103.63,6.98,0.59,0.37,4.17,1,0,0
02-Well-G11,Deep,300,0.27,Beads Population=#### Beads Count=1 Sample Volume=1μL,10910,8695,8369,326,58,2,13,18,7251,1087,54,4,266,60,0,0,11002.4,8762.6,5349.4,96386.1,3627.4,172655,12873.4,6039,3048.4,20596.7,3477.1,5656.9,116038.2,9261.7,####,####,36772.1,31259.2,13215.7,494467.2,2683.4,197248.7,41784.8,12040.5,1816.6,88933.2,1953.8,12532.6,603933,9168.9,####,####,2330,1840,1331.3,14899.1,15766.1,184195.3,6443.8,8468.4,1327.4,1177.9,3514.9,181157.5,13437.1,21380.5,####,####,882.9,527.6,279.6,6893.8,1820,298192.4,415.7,382.9,275.6,303.1,1241.2,9634.1,5810,11699.1,####,####,717834.4,592424.6,473645.7,3641690.8,201708.1,5655471,2463303.3,959447.7,136640.5,2689850,141753.3,1011096.9,4376621,383500.2,####,####,680.4,515.5,329.6,5287.4,455.8,31962.2,1515,981.1,326.2,327.9,443.8,617.7,6140.4,1506,####,####,432.5,390.6,364.5,1059.5,566.4,1658.8,350,348.2,363.5,371.7,374.6,3154.9,1162.6,602.8,####,####,552.4,349.7,299.7,1631.9,572.1,68113.1,343,309.2,299.3,302,434.7,2426.8,1363.1,2823.4,####,####,####,####,####,####,####,####,####,####,####,####,####,####,####,####,####,####,145.38,145.65,111.52,4.34,0.77,0.03,0.17,0.24,96.62,14.48,0.72,0.05,3.54,0.8,0,0
02-Well-G12,Deep,500,0.91,Beads Population=#### Beads Count=1 Sample Volume=1μL,8641,6242,5916,326,47,2,0,8,4763,1145,41,6,277,49,0,0,14229.4,12110.8,7971.4,87229.4,3887.9,13449.5,####,5358.9,3049,28465.9,3522.6,6384.2,101903,4278.2,####,####,47677.9,46077,24651.7,434888.1,4925,36931.9,####,8327.5,1776.4,119922.9,2655.9,20429.9,510715.4,6231.4,####,####,2545.1,2211.2,1197.1,20613.5,40267.1,434459.1,####,5537.6,1254,930.3,2331.4,299494.5,14290.8,56356.6,####,####,1048.1,487.4,283.7,4184.1,2603.7,15216.5,####,304.5,278.2,306.4,958.5,13845.5,4372.6,3118.5,####,####,1052135.5,924047.4,773353.5,3658726.3,355833.8,2006696,####,723723,133701.3,3434541.5,191355.4,1479769.9,4231073,423216,####,####,760.6,501.6,322.6,3750.4,475.2,414.4,####,1082.4,326.6,300.6,434.3,755.2,4330.2,472.7,####,####,429.9,388.1,366.1,786.1,782.7,3501,####,378.6,365,370.7,368.4,3613.2,767,893.6,####,####,721.8,355.1,299.5,1365.3,770.7,2776.9,####,300.3,298.8,302.5,521.3,2475.2,1455.9,852.6,####,####,####,####,####,####,####,####,####,####,####,####,####,####,####,####,####,####,115.18,104.59,78.86,4.35,0.63,0.03,0,0.11,63.49,15.26,0.55,0.08,3.69,0.65,0,0
02-Well-H01,Deep,750,0.18,Beads Population=#### Beads Count=1 Sample Volume=1μL,4983,3347,3059,288,77,4,1,3,2675,380,54,23,207,81,0,0,15902.9,11985.2,5548.9,80347.5,4882.1,14946.8,23909.9,3747.4,3154.2,22372.4,3882.5,7228.9,109683,5379.1,####,####,59974.8,52256.7,12340.3,476229.2,10990.1,28131.4,38446.9,10377.8,1856.8,86085.5,4938.1,25199.2,657948,11836.6,####,####,10084.3,8913.1,1765,84837.1,218345.3,490970.9,778.9,1390.7,1849.3,1176.8,13069,700298.4,27326.6,231808.3,####,####,2246.9,1115.2,289.5,9885.1,12129,25853.9,193.7,302.5,286.3,312.4,5284.6,28198.3,8741.8,12806.7,####,####,895780.7,671384.7,452849.1,2992566.5,736335.5,1906491.4,1911150,764782.7,138886,2656684,280143.8,1807394.4,3852827.8,794121,####,####,1000.3,566.3,347.9,2885.5,612.6,1973.4,819.5,778.3,350.7,323.6,641.1,545.7,3748.6,679.8,####,####,488.5,432.5,361.7,1184.1,1562.6,1943.6,416.4,356.8,360.3,371.2,410,4268.8,1028.6,1581.4,####,####,812.4,452.8,300.4,2071.1,1642.9,2598.6,345.2,385.8,300.1,301.9,1101.9,2913.1,2220.2,1690.1,####,####,####,####,####,####,####,####,####,####,####,####,####,####,####,####,####,####,66.43,56.09,40.78,3.84,1.03,0.05,0.01,0.04,35.66,5.07,0.72,0.31,2.76,1.08,0,0
02-Well-H02,Deep,1000,0.14,Beads Population=#### Beads Count=1 Sample Volume=1μL,3648,2583,2363,220,54,0,2,3,2114,244,43,11,166,54,0,0,22170,16729.1,4413.7,149007.6,4281.7,####,17489.3,5607.1,3180.2,14978.3,3660.4,6710.6,196087.1,4281.7,####,####,93372.3,90647.4,8507.9,972900.6,5662.9,####,65805.5,6153.9,1880.5,65487.1,2697.9,17253.3,1287544.1,5662.9,####,####,6091.3,4400.8,2179.1,28263,52425,####,1398,6861.7,2221.2,1763.7,15091.3,198366,20403.1,52425,####,####,1662.3,906.4,290.2,7525.2,8055,####,541.7,382.2,287,314.6,2143.3,31164.5,7352.9,8055,####,####,748089.3,537499.3,306774.8,3015690.3,374961.3,####,4114204.5,472790.5,138582.5,1730731.8,185328.7,1116252.3,3874722.8,374961.3,####,####,990.3,812.3,357.9,5693.2,537.6,####,5383,1074.7,348.6,388.3,488.7,729.1,7370.3,537.6,####,####,570.6,469.6,369.1,1549.1,3322.4,####,470.1,323.9,368.6,373.3,387.6,14794.9,972.2,3322.4,####,####,640,418.7,295.7,1740.1,1560,####,290.4,325.4,295.2,299.8,603.6,5298.4,1798.7,1560,####,####,####,####,####,####,####,####,####,####,####,####,####,####,####,####,####,####,48.6,43.25,31.48,2.93,0.72,0,0.03,0.04,28.16,3.25,0.57,0.15,2.21,0.72,0,0
02-Well-H03,Deep,1500,0.86,Beads Population=#### Beads Count=1 Sample Volume=1μL,5316,3579,1838,1741,120,1,0,1,1519,318,103,17,1620,121,0,0,41471.9,43297.3,3565.9,85242.5,4100.3,25647.9,####,2035.1,3165,5485.4,3783.2,6021.7,91289.8,4278.4,####,####,232227.6,254646.8,7213.6,515865.6,6321.8,42960.2,####,19811.1,1954.6,32295.1,4729.6,15968.5,553901.5,6624.6,####,####,16443.4,17341.4,2496.1,33013.8,63101.9,74480,####,858.5,2533.8,2321.6,7639.2,399140.8,30759.5,63196,####,####,5732.4,5848.5,317,11688.1,4206.6,21152.9,####,356.9,299.8,399,1999.1,17581.5,12236.5,4346.6,####,####,1960632.1,1931269.1,427673.8,3518637.5,502204.9,2940748,####,1114246.8,148068.5,1761113.8,379178.9,1247598,3742433.5,522358.2,####,####,1436.3,1339.4,341.5,2392.8,567,2880.3,####,509.2,345.6,321.7,548.3,680.4,2527.8,586.1,####,####,1182,1232.5,365.4,2147.9,752.5,5910.7,####,574.5,364.7,368.2,472.4,2449.7,2248.9,795.1,####,####,2222.5,2492.3,299.7,4807,691.1,4391.5,####,349.6,300.3,296.3,535.7,1632.8,5112.2,721.7,####,####,####,####,####,####,####,####,####,####,####,####,####,####,####,####,####,####,70.84,59.95,24.49,23.2,1.6,0.01,0,0.01,20.24,4.24,1.37,0.23,21.59,1.61,0,0
