depth_cat,time_s,date,pressure,descent_rate,PAR,temp,density,oxygen_conc,perc_ox_sat,fluorescence,c_star_at0,c_star_tr0,station
0,443.77099999999996,2023-09-25,0.449,-0.048,3.5707,25.910275000000002,996.8903,261.03875000000005,102.521,0.66117,1.0228,77.438,A1
0.5,314.07291790821773,2023-09-25,0.8785086491350873,-4.150585815818517e-4,5.542815968403184,25.675701744825517,996.9415407559244,262.7316362863714,102.43452629737027,0.6630631566843316,1.026054094590541,77.37458853114688,A1
1,64.65132164869016,2023-09-25,1.0560577812018492,0.0015134822808935465,3.2737803543913717,25.79391658320493,997.0763336671803,262.19064156394455,102.49437904468412,0.662372153312789,1.0619041987673332,76.94548917565487,A1
1.5,697.35791,2023-09-25,1.73361,-0.062139999999999994,4.453262,26.903212,1022.0965015,206.67512,102.49369,0.5761537,0.6439380000000001,85.37488400000001,A1
2,578.1017075471698,2023-09-25,2.3771485849056604,-0.007082547169811306,2.3400235849056603,26.901849056603773,1022.7085096698113,190.2479587264151,94.89799056603773,0.6034453301886793,0.49422099056603774,88.37832004716981,A1
2.5,568.6333454317898,2023-09-25,2.6934906132665835,0.04030913642052563,1.8552669336670837,26.903184981226534,1022.7059783479349,164.2873216520651,81.9500068836045,0.6158521652065082,0.4830321652065081,88.62626495619524,A1
3,704.4639423076923,2023-09-25,3.2220961538461537,0.07459615384615384,1.5216534615384616,26.902290384615384,1022.7236019230769,168.59091826923077,84.10869711538462,0.5748451923076924,0.5040221153846154,88.16295673076924,A1
3.5,708.29334,2023-09-25,3.73849,0.09194999999999998,1.3566334,26.9043155,1022.729447,172.037175,85.83186,0.5676559,0.504808,88.145747,A1
4,700.8132911392405,2023-09-25,4.256860759493671,0.1264177215189874,1.250304683544304,26.904385443037974,1022.7343772151899,174.37394303797467,86.99894303797468,0.5577963291139241,0.5027582278481013,88.19101772151899,A1
4.5,699.4828125,2023-09-25,4.763075,0.15285,1.172935625,26.90351875,1022.738253125,184.08683125,91.84428125,0.55984375,0.50103,88.2290375,A1
5,714.7215647058824,2023-09-25,5.2744470588235295,0.19657647058823527,1.0639837647058823,26.903411764705883,1022.7414805882353,192.5937411764706,96.0889,0.5643611764705883,0.5058717647058824,88.12244352941177,A1
5.5,704.1147959183673,2023-09-25,5.7685102040816325,0.15783673469387755,0.9713604081632653,26.902847959183674,1022.7439193877551,193.00298469387755,96.29223469387755,0.5701946938775511,0.5015051020408163,88.21868367346939,A1
6,674.2605704225352,2023-09-25,6.226887323943662,0.07330281690140845,0.9295281690140845,26.902894366197184,1022.7432746478873,184.83665492957746,92.2162147887324,0.5835006338028169,0.4932387323943662,88.40118943661972,A1
6.5,689.6889405940593,2023-09-25,6.718584158415841,0.09703960396039603,0.910069603960396,26.902473267326734,1022.747752970297,176.48085148514852,88.04834653465346,0.5573929702970297,0.49722079207920794,88.31313663366336,A1
7,697.5948811881187,2023-09-25,7.2380792079207925,0.1183168316831683,0.7377251485148515,26.90256188118812,1022.7521024752475,182.4294306930693,91.01781188118812,0.5586985148514851,0.5246435643564357,87.70764752475247,A1
7.5,703.5351123595506,2023-09-25,7.759707865168539,0.13097752808988763,0.752771797752809,26.902998876404496,1022.7543657303371,202.61584831460675,101.09015168539325,0.5573941573033708,0.523508988764045,87.73261123595506,A1
8,719.3759651162791,2023-09-25,8.257418604651162,0.0996976744186046,0.6980340697674419,26.903031395348837,1022.7564186046511,200.75619767441862,100.16227906976744,0.579819534883721,0.5241941860465117,87.71735697674418,A1
8.5,716.891268292683,2023-09-25,8.752426829268293,0.14131707317073172,0.648295487804878,26.902918902439023,1022.7585695121951,199.27195731707317,99.42159756097561,0.5620920731707317,0.5232268292682927,87.73870487804878,A1
9,716.6903409090909,2023-09-25,9.250886363636363,0.13204545454545455,0.5954480681818182,26.902677272727274,1022.7607738636364,198.73591477272728,99.15375568181818,0.57758875,0.522675,87.75084431818182,A1
9.5,699.9529569892472,2023-09-25,9.755021505376344,0.16304301075268815,0.5711044086021505,26.903312365591397,1022.7626682795699,198.36539247311828,98.96987096774194,0.5639840860215054,0.5235,87.73267741935484,A1
10,672.3206101694915,2023-09-25,10.232737288135594,0.12677966101694915,0.5219281355932204,26.903355084745762,1022.7648381355932,198.31839406779662,98.94659322033898,0.5616495762711865,0.5224093220338983,87.75672881355932,A1
10.5,686.7953539823009,2023-09-25,10.75204424778761,0.11774336283185842,0.52194,26.90336150442478,1022.7670522123893,198.54222123893805,99.05825663716814,0.5560311504424779,0.5233902654867257,87.73514159292036,A1
11,701.4523865546217,2023-09-25,11.276268907563026,0.1055546218487395,0.44849084033613446,26.903784033613444,1022.7691025210084,198.42906302521007,99.00243697478992,0.5605938655462185,0.5235605042016807,87.73132521008404,A1
11.5,718.6423913043478,2023-09-25,11.75891304347826,0.09909565217391304,0.36854773913043476,26.904418260869566,1022.7709204347826,198.51272173913043,99.04512173913044,0.5846786956521739,0.5243765217391304,87.71347217391305,A1
12,699.8422107142858,2023-09-25,12.330227380952381,-0.02104166666666665,0.2703194863095345,26.903288333333332,1022.7740927380952,198.6702601190476,99.12224345238096,0.6146213571428571,0.5231464285714286,87.74052321428572,A1
12.5,672.4730074509811,2023-09-25,12.734483137254902,0.015485490196078429,0.1658768102180497,26.905007470588234,1022.7752567647059,198.66548980392156,99.12261529411765,0.6203834078431373,0.5226419607843137,87.75153117647059,A1
13,653.1240752212389,2023-09-25,13.07674336283186,0.13144690265486722,0.18055028558415046,26.90585353982301,1022.7761163716814,198.45701327433628,99.01967256637168,0.6089659734513274,0.5230234513274337,87.74318451327433,A1
13.5,806.1262424242424,2023-09-25,13.73469696969697,0.36227272727272725,8.827888484848485e-7,26.90314696969697,1022.7795287878788,199.23133333333334,99.40140909090908,0.58941,0.5221757575757576,87.76169090909092,A1
14,807.3734814814815,2023-09-25,14.233925925925925,0.3854444444444445,1e-12,26.9029,1022.7816648148148,198.7577037037037,99.16464814814815,0.5607107407407408,0.5264814814814814,87.66728888888889,A1
14.5,808.45832,2023-09-25,14.74616,0.4414,1e-12,26.902906,1022.78392,198.75048,99.16108,0.5434432,0.5230440000000001,87.742616,A1
15,809.39585,2023-09-25,15.2647,0.51145,1e-12,26.9033,1022.7860625,198.339825,98.95695,0.5459705,0.5220750000000001,87.76403,A1
15.5,810.23125,2023-09-25,15.7528,0.56635,2.9132009000000006e-6,26.9036325,1022.7879575,198.41514999999998,98.994925,0.548718,0.5226350000000001,87.75158,A1
16,811.0813333333333,2023-09-25,16.258285714285716,0.5897619047619047,2.7744770952380953e-6,26.903321428571427,1022.7902690476191,198.73864285714285,99.15583333333333,0.5417761904761905,0.5222714285714286,87.75964285714286,A1
16.5,811.9810454545454,2023-09-25,16.755727272727274,0.5766818181818182,1e-12,26.902913636363635,1022.7925272727273,198.8959090909091,99.23356818181819,0.555445,0.5228818181818182,87.7466,A1
17,812.95668,2023-09-25,17.2452,0.5308,2.3305609200000003e-6,26.903122,1022.794478,198.87932,99.22564,0.5585344,0.522088,87.763532,A1
17.5,814.0847586206896,2023-09-25,17.740448275862068,0.46644827586206894,1e-12,26.902896551724137,1022.7966275862069,198.94043103448277,99.25577586206896,0.5913855172413793,0.5223344827586207,87.75862068965517,A1
18,815.4363611111111,2023-09-25,18.23225,0.3838611111111111,8.092231944444439e-7,26.902397222222223,1022.7986597222222,198.72218055555555,99.14584722222222,0.6127391666666667,0.5211972222222222,87.78325833333334,A1
18.5,817.045731707317,2023-09-25,18.72463414634146,0.3116829268292683,1.4210741219512198e-6,26.902498780487804,1022.8007280487805,198.78258536585366,99.17613414634147,0.5911729268292683,0.5222268292682927,87.76056829268293,A1
19,818.6655405405405,2023-09-25,19.248837837837836,0.31691891891891893,1.5747036486486486e-6,26.903644594594596,1022.8028013513514,198.45898648648648,99.01674324324324,0.5784578378378379,0.5231837837837838,87.73987027027027,A1
19.5,819.9743461538461,2023-09-25,19.774307692307694,0.3778076923076923,1.1204625000000005e-6,26.904205769230767,1022.80485,199.0063846153846,99.29063461538462,0.5559307692307692,0.5217846153846154,87.77054230769231,A1
20,820.9375,2023-09-25,20.25495,0.45555,1e-12,26.9049675,1022.8067825,199.201325,99.38935,0.5910255,0.523085,87.74162,A1
20.5,821.7936666666667,2023-09-25,20.739333333333335,0.5277142857142857,1.387239047619048e-6,26.90514761904762,1022.8088404761904,199.32016666666667,99.44897619047619,0.5417747619047619,0.5219428571428572,87.76675714285714,A1
21,822.64375,2023-09-25,21.2511,0.57885,1e-12,26.9053825,1022.8109975,198.440525,99.01050000000001,0.5428575,0.52218,87.76154,A1
21.5,823.5,2023-09-25,21.74661904761905,0.5922380952380952,1.387239047619048e-6,26.905111904761906,1022.81315,198.1317857142857,98.85583333333334,0.5712547619047619,0.5224761904761904,87.7549,A1
22,824.5015185185185,2023-09-25,22.253296296296295,0.5484814814814815,1.0789639259259263e-6,26.903742592592593,1022.8156092592593,199.2219074074074,99.39746296296296,0.5699362962962963,0.5242148148148148,87.71708888888888,A1
22.5,825.7904857142858,2023-09-25,22.771314285714286,0.43497142857142856,1e-12,26.901215714285716,1022.8182328571429,199.164,99.3642,0.9558388571428571,0.5230914285714287,87.74162,A1
23,827.2916756756757,2023-09-25,23.264567567567568,0.3368648648648649,1e-12,26.900412162162162,1022.8206054054054,198.7349864864865,99.14881081081082,0.6179578378378379,0.5221837837837838,87.76140540540541,A1
23.5,828.7928571428571,2023-09-25,23.75182857142857,0.3226,1e-12,26.900464285714285,1022.8225871428572,198.7267857142857,99.14477142857143,0.6049188571428572,0.5217657142857143,87.77078857142857,A1
24,830.1666451612904,2023-09-25,24.248548387096776,0.35219354838709677,1e-12,26.90099516129032,1022.8245870967742,198.49106451612903,99.02803225806451,0.6016783870967742,0.5241741935483871,87.71768387096775,A1
24.5,831.3943571428572,2023-09-25,24.732535714285714,0.38457142857142856,1e-12,26.897973214285713,1022.8274964285714,199.1260892857143,99.33985714285714,0.6125067857142857,0.5213607142857143,87.77950357142858,A1
25,832.6041666666666,2023-09-25,25.2327,0.4090333333333333,9.710676333333334e-7,26.89824,1022.8294916666666,198.85325,99.2041,0.6284493333333333,0.5211933333333334,87.78312,A1
25.5,833.8333448275862,2023-09-25,25.736172413793103,0.41237931034482755,1e-12,26.900287931034484,1022.8310862068965,198.55941379310346,99.06096551724139,0.6470875862068965,0.5218448275862069,87.76892413793104,A1
26,835.0846774193549,2023-09-25,26.23358064516129,0.40158064516129033,1e-12,26.900987096774195,1022.8331080645162,199.09066129032257,99.32725806451613,0.6162116129032258,0.5222032258064516,87.76105806451613,A1
26.5,836.39453125,2023-09-25,26.7508125,0.39325,9.103759687500003e-7,26.9000453125,1022.835609375,199.102203125,99.331359375,0.621909375,0.5226875,87.750490625,A1
27,837.6041538461538,2023-09-25,27.262153846153847,0.41196153846153843,1e-12,26.89949230769231,1022.8378269230769,198.61815384615383,99.08888461538461,0.5793180769230769,0.5231346153846154,87.74085384615384,A1
27.5,838.6475833333334,2023-09-25,27.74875,0.449375,3.6415008749999997e-6,26.899947916666665,1022.8398666666667,198.96704166666666,99.26385416666666,0.5602879166666667,0.523625,87.73,A1
28,839.66664,2023-09-25,28.24456,0.47952,1.1652809599999998e-6,26.895052,1022.84349,198.84922,99.19706,0.5723076,0.52236,87.75755600000001,A1
28.5,840.8111333333334,2023-09-25,28.747566666666668,0.45953333333333335,1e-12,26.893115,1022.8461,198.76111666666668,99.14983333333333,0.606471,0.5239533333333334,87.72252999999999,A1
29,842.1666571428572,2023-09-25,29.247485714285713,0.3889714285714286,8.323438285714289e-7,26.891515714285713,1022.8484928571429,199.02339999999998,99.27772857142857,0.6167451428571429,0.5211142857142858,87.78501714285714,A1
29.5,843.8541739130435,2023-09-25,29.738195652173914,0.29936956521739133,1e-12,26.892103260869565,1022.8505434782609,198.94870652173913,99.2416304347826,0.6307532608695652,0.5222260869565217,87.76067391304348,A1
30,845.7310454545454,2023-09-25,30.23618181818182,0.2625909090909091,6.620918863636367e-7,26.893001136363637,1022.8524568181818,198.8956931818182,99.21675,0.5853315909090909,0.5253977272727273,87.6911409090909,A1
30.5,847.2680666666666,2023-09-25,30.757266666666666,0.3269,9.710676333333334e-7,26.892323333333334,1022.8549183333333,199.11158333333333,99.32333333333334,0.570329,0.5215666666666667,87.77482,A1
31,848.4375,2023-09-25,31.244692307692308,0.39534615384615385,1.1204625e-6,26.890584615384615,1022.8573288461538,198.95017307692308,99.23976923076923,0.5712869230769231,0.5216884615384616,87.7724576923077,A1
31.5,849.5,2023-09-25,31.75332,0.45388,1e-12,26.891376,1022.859274,199.2792,99.40522,0.554432,0.522368,87.75755600000001,A1
32,856.9599514563107,2023-09-25,32.413398058252426,0.0753398058252427,5.656708834951457e-7,26.895531553398058,1022.8610631067961,198.74049029126215,99.14342233009708,0.6330949514563107,0.522442718446602,87.75578640776699,A1
32.5,861.6834577114428,2023-09-25,32.749223880597015,0.059703980099502466,5.072746144278601e-7,26.89593146766169,1022.862332960199,198.8373855721393,99.19237935323383,0.633572039800995,0.5222129353233831,87.76084626865672,A1
33,872.0004565217391,2023-09-25,33.103565217391306,0.08507608695652175,3.166531630434784e-7,26.896932608695653,1022.8636380434782,198.70700543478262,99.12904347826087,0.6127571739130435,0.5216315217391304,87.77366521739131,A1
33.5,875.3731739130435,2023-09-25,33.716565217391306,0.33269565217391306,1.266609652173913e-6,26.892182608695652,1022.8675891304348,198.63271739130434,99.08423913043478,0.5577313043478261,0.5228304347826087,87.74768260869565,A1
34,876.2936666666667,2023-09-25,34.232190476190475,0.4845714285714286,2.7744770952380953e-6,26.892464285714286,1022.8695952380953,198.53333333333333,99.03492857142857,0.5571247619047619,0.5239476190476191,87.72288571428571,A1
34.5,877.1227894736842,2023-09-25,34.756263157894736,0.5861578947368421,1.5332641052631578e-6,26.89206842105263,1022.8720763157894,198.68676315789475,99.11102631578947,0.5627536842105263,0.5222578947368421,87.7597052631579,A1
35,877.8958333333334,2023-09-25,35.26222222222222,0.6378333333333334,1.6184453888888894e-6,26.892305555555556,1022.874025,198.9651111111111,99.25013888888888,0.5579983333333334,0.5250555555555556,87.69818333333333,A1
35.5,879.547756097561,2023-09-25,35.79412195121951,0.3850487804878049,2.131610682926829e-6,26.89201585365854,1022.8763609756097,199.0310731707317,99.28248780487804,0.5751809756097561,0.5221365853658537,87.76239024390244,A1
36,880.7570754716982,2023-09-25,36.17945283018868,0.2639811320754717,5.496613584905658e-7,26.892170754716982,1022.877829245283,199.07334905660377,99.30375471698113,0.598382641509434,0.5242981132075472,87.71512264150944,A1
36.5,882.6857916666667,2023-09-25,36.74679166666667,0.4317916666666667,2.4276675833333336e-6,26.893772916666666,1022.8798645833333,198.93445833333334,99.237125,0.5929470833333333,0.5230916666666667,87.7414125,A1
37,883.666652173913,2023-09-25,37.23421739130435,0.46452173913043476,1e-12,26.891713043478262,1022.8825956521739,198.7156956521739,99.12465217391305,0.5816208695652174,0.5224652173913044,87.75526086956522,A1
37.5,884.5833333333334,2023-09-25,37.74509523809524,0.5208095238095238,1e-12,26.892288095238094,1022.8845761904762,198.5657380952381,99.0507380952381,0.5653228571428571,0.5223761904761905,87.75727142857143,A1
38,885.4166842105263,2023-09-25,38.27957894736842,0.5896842105263158,1e-12,26.894576315789475,1022.8863789473684,198.6142894736842,99.07878947368421,0.5484863157894737,0.5230052631578948,87.74397894736842,A1
38.5,886.1458125,2023-09-25,38.7886875,0.648625,1e-12,26.89431875,1022.888625,198.79146875,99.1668125,0.5462450000000001,0.5235875,87.7310375,A1
39,886.7916666666666,2023-09-25,39.2522,0.68966666666666665,1e-12,26.895106666666667,1022.8904633333333,198.98346666666666,99.26386666666667,0.5565326666666667,0.5227266666666667,87.74992,A1
39.5,887.4166666666666,2023-09-25,39.7388,0.7319333333333333,1.9421342666666674e-6,26.896366666666665,1022.89229,199.26303333333334,99.4056,0.5470073333333334,0.52288,87.7466,A1
40,888.0416666666666,2023-09-25,40.24673333333333,0.7665333333333334,1e-12,26.894413333333333,1022.89519,199.3211,99.43143333333333,0.5457873333333334,0.5220266666666667,87.76486,A1
40.5,888.6458571428572,2023-09-25,40.724714285714285,0.7967857142857143,1e-12,26.893189285714286,1022.8973928571428,199.3739642857143,99.45553571428572,0.54605,0.5238428571428572,87.72525714285715,A1
41,889.2916470588235,2023-09-25,41.24805882352941,0.8048823529411765,1e-12,26.895176470588236,1022.8991794117647,199.2894705882353,99.41685294117647,0.5572070588235294,0.5233352941176471,87.73634705882353,A1
41.5,889.9375,2023-09-25,41.744,0.7929285714285714,2.0808580714285706e-6,26.89307857142857,1022.9019642857143,199.3385,99.43796428571429,0.5554678571428572,0.5227857142857143,87.74837857142857,A1
42,890.6041666666666,2023-09-25,42.24783333333333,0.7737222222222222,1.618445388888889e-6,26.891605555555557,1022.9043305555556,198.83461111111112,99.18394444444445,0.5533166666666667,0.5222944444444445,87.75905,A1
42.5,891.3125,2023-09-25,42.76325,0.751625,1e-12,26.89071875,1022.9066,198.35815625,98.94471874999999,0.6101181250000001,0.5220750000000001,87.76371875000001,A1
43,891.9583333333334,2023-09-25,43.2386,0.7369333333333333,1e-12,26.893036666666667,1022.9080266666667,198.60146666666668,99.06983333333334,0.5558000000000001,0.5219533333333334,87.76652,A1
43.5,892.6041875,2023-09-25,43.737625,0.741625,1e-12,26.892159375,1022.9105187499999,199.18346875,99.3588125,0.541665625,0.52223125,87.76060625,A1
44,893.25,2023-09-25,44.242866666666664,0.7636000000000001,1e-12,26.89156,1022.9128,199.23383333333334,99.383,0.553602,0.5224066666666667,87.75656000000001,A1
44.5,893.8571428571429,2023-09-25,44.74464285714286,0.7893571428571429,4.1617151428571435e-6,26.890667857142855,1022.915175,198.98160714285714,99.25564285714286,0.545,0.5224642857142857,87.75549285714285,A1
45,894.4345,2023-09-25,45.25042857142857,0.8186428571428571,2.080858071428571e-6,26.889810714285716,1022.9175928571428,198.75367857142857,99.14053571428572,0.5397700000000001,0.5236000000000001,87.73059285714285,A1
45.5,894.9791666666666,2023-09-25,45.74975,0.8584166666666666,2.4276675833333336e-6,26.8889,1022.9198541666667,198.67004166666666,99.09725,0.5570816666666667,0.5234416666666667,87.73415,A1
46,895.5,2023-09-25,46.255384615384614,0.9033846153846155,1e-12,26.890157692307692,1022.9216884615385,198.63653846153846,99.08265384615385,0.5477584615384615,0.5242846153846153,87.71595384615385,A1
46.5,896.0208333333334,2023-09-25,46.770916666666665,0.94775,2.427667583333333e-6,26.88825,1022.9244208333333,198.83708333333334,99.17941666666667,0.5531141666666667,0.5224833333333334,87.7549,A1
47,896.5208333333334,2023-09-25,47.272333333333336,0.9773333333333333,1e-12,26.884941666666666,1022.9276083333333,198.91804166666665,99.214625,0.5503666666666667,0.5217333333333334,87.7715,A1
47.5,897.0038181818181,2023-09-25,47.77009090909091,0.9985454545454545,1e-12,26.884363636363638,1022.9295181818181,198.99622727272728,99.25227272727273,0.5457854545454546,0.5246181818181819,87.70811818181818,A1
48,897.4545454545455,2023-09-25,48.23118181818182,1.0126363636363636,1e-12,26.88724090909091,1022.9307636363636,198.87109090909092,99.19468181818182,0.5454554545454545,0.5249272727272727,87.70132727272727,A1
48.5,897.9375,2023-09-25,48.72141666666667,1.0194999999999999,2.427667583333333e-6,26.883145833333334,1022.9341416666666,198.73241666666667,99.11891666666666,0.538155,0.5223,87.75905,A1
49,898.4375,2023-09-25,49.227333333333334,1.0188333333333333,2.4276675833333336e-6,26.88361666666667,1022.9358666666667,198.7085,99.1075,0.5467025,0.52295,87.744525,A1
49.5,898.9583076923077,2023-09-25,49.73838461538462,1.0093076923076922,2.240924e-6,26.881496153846154,1022.9386423076924,198.61603846153847,99.05776923076922,0.5593123076923077,0.5229692307692309,87.74468461538461,A1
50,899.4791666666666,2023-09-25,50.239583333333336,0.9948333333333333,1e-12,26.887279166666666,1022.9391166666667,198.52191666666667,99.02025,0.5415125000000001,0.526925,87.657375,A1
50.5,900.0208571428572,2023-09-25,50.751714285714286,0.9729285714285714,1e-12,26.882910714285714,1022.9428964285714,198.70485714285715,99.10471428571428,0.5452628571428572,0.5256928571428572,87.68435,A1
51,900.5833076923077,2023-09-25,51.270538461538465,0.9483846153846154,1e-12,26.87841923076923,1022.9458384615384,198.96253846153846,99.22546153846153,0.5703015384615385,0.5211923076923077,87.78299230769231,A1
51.5,901.125,2023-09-25,51.763615384615385,0.9302307692307693,2.240924e-6,26.87483846153846,1022.9493076923077,199.17780769230768,99.32703846153846,0.5804453846153846,0.522,87.76575384615384,A1
52,901.6666923076923,2023-09-25,52.25769230769231,0.9153846153846155,2.240924e-6,26.871634615384615,1022.9517999999999,199.23603846153847,99.35046153846154,0.5629738461538462,0.5219769230769231,87.76575384615384,A1
52.5,902.2083076923077,2023-09-25,52.755923076923075,0.916,1e-12,26.866465384615385,1022.9552461538461,199.2231923076923,99.33542307692308,0.5646661538461539,0.5213615384615384,87.77916153846154,A1
53,902.7291666666666,2023-09-25,53.24058333333333,0.918,2.427667583333333e-6,26.866141666666667,1022.9572541666666,199.066625,99.25670833333334,0.57387,0.5225083333333334,87.7549,A1
53.5,903.25,2023-09-25,53.74338461538461,0.931,1e-12,26.868088461538463,1022.9591807692308,198.9248846153846,99.18946153846154,0.5694576923076924,0.5213769230769231,87.77916153846154,A1
54,903.7916923076923,2023-09-25,54.266230769230766,0.945076923076923,2.240924e-6,26.863484615384614,1022.9626730769231,198.97453846153846,99.20653846153846,0.5598784615384615,0.5354769230769231,87.47078461538462,A1
54.5,904.2916363636364,2023-09-25,54.76045454545454,0.9665454545454545,2.648364545454545e-6,26.860895454545453,1022.9652636363636,199.14604545454546,99.28768181818182,0.56277,0.5327909090909091,87.5292909090909,A1
55,904.7916923076923,2023-09-25,55.254384615384616,0.9776923076923076,1e-12,26.86178076923077,1022.96705,199.27661538461538,99.3541923076923,0.5745276923076923,0.5224384615384616,87.75617692307692,A1
55.5,905.2916363636364,2023-09-25,55.76209090909091,0.9897272727272727,1e-12,26.86135,1022.9693045454545,199.30172727272728,99.36581818181818,0.5677654545454546,0.5217454545454545,87.7715,A1
56,905.7916923076923,2023-09-25,56.24192307692308,0.9923076923076923,1e-12,26.858326923076923,1022.9724,198.9925769230769,99.207,0.5714292307692308,0.5203461538461538,87.80214615384615,A1
56.5,906.3125,2023-09-25,56.74158333333333,0.98125,1e-12,26.855495833333332,1022.9753583333334,198.62558333333334,99.01929166666667,0.5815025,0.5214333333333333,87.777725,A1
57,906.8333076923077,2023-09-25,57.243,0.9690769230769231,1e-12,26.849161538461537,1022.97905,198.48803846153845,98.94,0.5784730769230769,0.5213769230769231,87.77916153846154,A1
57.5,907.375,2023-09-25,57.74669230769231,0.9551538461538461,1e-12,26.844192307692307,1022.9826961538462,198.93334615384614,99.15396153846154,0.5756538461538462,0.5216384615384616,87.77341538461539,A1
58,907.9166923076923,2023-09-25,58.24123076923077,0.9438461538461538,1e-12,26.844461538461537,1022.9844692307693,199.38538461538462,99.37946153846154,0.5973507692307692,0.5220769230769231,87.76383846153847,A1
58.5,908.4791428571428,2023-09-25,58.74578571428572,0.9195714285714286,2.0808580714285706e-6,26.844210714285715,1022.986725,199.37507142857143,99.37392857142858,0.5821557142857143,0.5221357142857143,87.76260714285715,A1
59,909.0416923076923,2023-09-25,59.25992307692308,0.9091538461538462,1e-12,26.84391923076923,1022.988976923077,198.83165384615384,99.10257692307692,0.5897430769230769,0.5219846153846154,87.76575384615384,A1
59.5,909.6041428571428,2023-09-25,59.78221428571428,0.9083571428571429,1e-12,26.844057142857142,1022.9911035714285,198.89607142857142,99.13482142857143,0.5834628571428572,0.5221428571428571,87.76260714285715,A1
60,910.1458333333334,2023-09-25,60.27741666666667,0.9165000000000001,2.4276675833333336e-6,26.844033333333336,1022.9932375,199.25725,99.31483333333333,0.590965,0.5225916666666667,87.752825,A1
60.5,910.6666923076923,2023-09-25,60.76553846153846,0.9227692307692308,1e-12,26.843253846153846,1022.9956153846153,199.53396153846154,99.45157692307693,0.5826984615384615,0.5215461538461539,87.77533076923078,A1
61,911.1875,2023-09-25,61.27425,0.9336666666666666,2.4276675833333336e-6,26.843533333333333,1022.997625,199.60345833333332,99.48654166666667,0.5839441666666667,0.5215416666666667,87.77565,A1
61.5,911.6875,2023-09-25,61.761583333333334,0.95475,1e-12,26.843191666666666,1022.9998625,199.234625,99.30225,0.592185,0.521825,87.769425,A1
62,912.1666363636364,2023-09-25,62.25154545454546,0.9763636363636363,1e-12,26.84295909090909,1023.0018863636363,199.03577272727273,99.20268181818182,0.5824163636363636,0.5238,87.72622727272727,A1
62.5,912.6458333333334,2023-09-25,62.7445,1.0014166666666666,1e-12,26.843529166666666,1023.003825,198.97670833333333,99.174125,0.5808908333333334,0.524275,87.715475,A1
63,913.1458333333334,2023-09-25,63.27175,1.0191666666666666,2.4276675833333336e-6,26.843,1023.00655,198.96545833333334,99.16795833333333,0.581195,0.524475,87.711325,A1
63.5,913.6458333333334,2023-09-25,63.76533333333333,1.0294166666666666,1e-12,26.843595833333332,1023.0080041666666,198.733375,99.05283333333334,0.5869958333333334,0.5233416666666667,87.736225,A1
64,914.1458333333334,2023-09-25,64.28091666666667,1.024,1e-12,26.843587499999998,1023.0104458333334,198.66766666666666,99.02016666666667,0.5833325,0.5222833333333334,87.75905,A1
64.5,914.625,2023-09-25,64.761,1.0197272727272726,1e-12,26.839622727272726,1023.0139772727273,198.81,99.0849090909091,0.5967345454545455,0.5224454545454545,87.75565454545455,A1
65,915.125,2023-09-25,65.23769230769231,1.0014615384615384,1e-12,26.838153846153848,1023.0164076923077,199.34773076923076,99.35053846153846,0.5987607692307693,0.5226846153846154,87.75043076923077,A1
65.5,915.6666923076923,2023-09-25,65.75253846153846,0.9796923076923076,1e-12,26.833184615384614,1023.0201961538462,199.58407692307694,99.46023076923078,0.6120038461538462,0.5231461538461539,87.74085384615384,A1
66,916.2083076923077,2023-09-25,66.24461538461539,0.9492307692307692,1e-12,26.8304,1023.023373076923,199.65984615384616,99.49369230769231,0.6094653846153847,0.5230461538461538,87.74276923076923,A1
66.5,916.7708571428572,2023-09-25,66.74521428571428,0.9225000000000001,1e-12,26.82385,1023.0278178571428,199.54239285714286,99.42460714285714,0.6177385714285715,0.5237785714285714,87.72703571428572,A1
67,917.3333076923077,2023-09-25,67.23276923076924,0.8968461538461538,1e-12,26.816473076923078,1023.0316769230769,199.4386923076923,99.36061538461539,0.6091861538461539,0.5227076923076923,87.75043076923077,A1
67.5,917.9166666666666,2023-09-25,67.7436,0.8783333333333333,1e-12,26.81279,1023.0351366666666,199.4381,99.35453333333334,0.6170933333333334,0.5236266666666667,87.73,A1
68,918.5237857142857,2023-09-25,68.26421428571429,0.8696428571428572,2.080858071428571e-6,26.80522142857143,1023.0395178571429,199.81564285714285,99.53007142857143,0.6221864285714286,0.5245642857142857,87.70925,A1
68.5,919.0801538461538,2023-09-25,68.758,0.8681538461538462,4.481847000000001e-6,26.795746153846153,1023.0442923076923,199.96984615384613,99.59107692307693,0.6063669230769231,0.5231307692307693,87.74085384615384,A1
69,919.625,2023-09-25,69.251,0.8773846153846154,1e-12,26.79266923076923,1023.047223076923,199.88373076923077,99.54307692307692,0.60524,0.5240846153846154,87.71978461538461,A1
69.5,920.1458333333334,2023-09-25,69.7385,0.8965833333333334,2.427667583333333e-6,26.779658333333334,1023.0534208333333,199.74270833333333,99.45175,0.621795,0.5243666666666666,87.7134,A1
70,920.6666923076923,2023-09-25,70.252,0.9302307692307693,1e-12,26.770496153846153,1023.0581346153846,199.71988461538461,99.42519230769231,0.6365176923076923,0.5254846153846154,87.68913846153846,A1
70.5,921.1704545454545,2023-09-25,70.751,0.9601818181818181,1e-12,26.766936363636365,1023.0612954545454,199.70440909090908,99.41172727272728,0.6180481818181819,0.5253454545454546,87.69227272727272,A1
71,921.6634615384615,2023-09-25,71.26692307692308,0.9925384615384615,1e-12,26.76569230769231,1023.0638769230769,199.57946153846154,99.34738461538461,0.61623000000000006,0.5252230769230769,87.69488461538461,A1
71.5,922.15,2023-09-25,71.773,1.0145,1e-12,26.762505,1023.067765,199.54575,99.32600000000001,0.627105,0.52523,87.69431,A1
72,922.6006666666667,2023-09-25,72.25183333333334,1.035,1e-12,26.7237,1023.0845208333333,199.793,99.38816666666666,0.6507925,0.5244583333333334,87.711325,A1
72.5,923.0833636363636,2023-09-25,72.76027272727272,1.0475454545454546,1e-12,26.65890909090909,1023.1081863636364,200.28345454545453,99.52754545454546,0.6969690909090909,0.5251181818181818,87.6968,A1
73,923.5416363636364,2023-09-25,73.22754545454546,1.049909090909091,1e-12,26.628431818181816,1023.11685,200.55795454545455,99.61181818181818,0.6873118181818182,0.5249272727272727,87.70132727272727,A1
73.5,924.0208333333334,2023-09-25,73.72125,1.0423333333333333,1e-12,26.625770833333334,1023.1193458333333,200.56395833333335,99.61016666666667,0.68956,0.5252083333333334,87.694725,A1
74,924.5416923076923,2023-09-25,74.24723076923077,1.029,1e-12,26.597638461538462,1023.1316153846154,200.78580769230769,99.67538461538462,0.7013238461538461,0.5247769230769231,87.70446153846153,A1
74.5,925.0833076923077,2023-09-25,74.75192307692308,1.0035384615384615,1e-12,26.591553846153847,1023.1341692307692,201.0101923076923,99.77561538461538,0.71175,0.524676923076923,87.70637692307692,A1
75,925.625,2023-09-25,75.25923076923077,0.9702307692307692,1e-12,26.585365384615386,1023.1381923076923,201.3036153846154,99.911,0.7103407692307693,0.5270538461538461,87.65466153846154,A1
75.5,926.1666923076923,2023-09-25,75.7556923076923,0.9390000000000001,1e-12,26.597438461538463,1023.1352076923077,201.3481923076923,99.9518076923077,0.7058338461538461,0.5269538461538461,87.65657692307693,A1
76,926.7291428571428,2023-09-25,76.24307142857143,0.9132142857142858,1e-12,26.601196428571427,1023.1367285714285,201.16085714285714,99.86535714285715,0.7106242857142857,0.5239142857142858,87.72347857142857,A1
76.5,927.3125,2023-09-25,76.74485714285714,0.885,1e-12,26.596589285714284,1023.1407071428571,201.3752142857143,99.96467857142858,0.7137635714285714,0.5258642857142857,87.68079285714285,A1
77,927.875,2023-09-25,77.22753846153846,0.8632307692307692,1e-12,26.579434615384617,1023.1486384615384,201.77215384615386,100.13396153846153,0.7300646153846154,0.5253230769230769,87.69296923076922,A1
77.5,928.4166923076923,2023-09-25,77.71038461538461,0.8646923076923076,1e-12,26.571846153846153,1023.1533192307692,201.63580769230768,100.054,0.7320361538461538,0.5250461538461538,87.69871538461538,A1
78,928.9583076923077,2023-09-25,78.2103076923077,0.8816153846153846,1e-12,26.554707692307694,1023.1619807692308,201.30696153846154,99.86380769230769,0.7537330769230769,0.5248692307692308,87.70254615384616,A1
78.5,929.5208571428572,2023-09-25,78.73521428571429,0.9088571428571429,1e-12,26.540014285714285,1023.1683107142857,201.41042857142855,99.89060714285715,0.7522221428571428,0.5254571428571428,87.68968571428572,A1
79,930.0625,2023-09-25,79.26658333333333,0.9343333333333333,1e-12,26.539008333333335,1023.17075,201.80220833333334,100.08324999999999,0.7387058333333333,0.52645,87.66775,A1
79.5,930.5625,2023-09-25,79.76966666666667,0.9642499999999999,1e-12,26.53419583333333,1023.1750958333333,202.066,100.20670833333334,0.7686191666666666,0.5266333333333333,87.6636,A1
80,931.0416363636364,2023-09-25,80.25727272727272,0.9891818181818182,1e-12,26.53096818181818,1023.1783090909091,202.07809090909092,100.20754545454545,0.7892118181818182,0.5267999999999999,87.66058181818181,A1
80.5,931.5,2023-09-25,80.74336363636364,1.0114545454545454,1e-12,26.518836363636364,1023.18575,202.13363636363636,100.21636363636364,0.7975345454545455,0.5282090909090909,87.62889090909091,A1
81,931.9583636363636,2023-09-25,81.21909090909091,1.0294545454545454,1e-12,26.464259090909092,1023.2112545454546,202.13636363636363,100.1335909090909,0.7952045454545454,0.5285272727272727,87.6221,A1
81.5,932.4375,2023-09-25,81.71933333333334,1.0433333333333332,1e-12,25.989008333333334,1023.4058208333333,203.36383333333333,99.99370833333333,0.8928591666666666,0.5295833333333333,87.599275,A1
82,932.9375,2023-09-25,82.2345,1.04525,1e-12,25.676716666666668,1023.4986958333333,204.36495833333333,99.96433333333333,1.0903416666666668,0.5320583333333333,87.545325,A1
82.5,933.4166363636364,2023-09-25,82.70490909090908,1.0297272727272728,1e-12,25.462818181818182,1023.5734818181818,204.07322727272725,99.47418181818182,1.1698181818181819,0.5364090909090908,87.45006363636364,A1
83,933.9611333333334,2023-09-25,83.2388,1.0076666666666667,1e-12,25.25899,1023.6423233333334,202.62766666666667,98.43863333333333,1.25642,0.5378933333333333,87.41792,A1
83.5,934.5384615384615,2023-09-25,83.7836923076923,0.9789230769230769,1e-12,25.174223076923077,1023.6690923076923,201.66984615384615,97.83357692307692,1.218653846153846,0.537923076923077,87.41715384615385,A1
84,935.0833076923077,2023-09-25,84.25646153846154,0.9429230769230769,1e-12,25.132492307692306,1023.6819884615385,202.19634615384615,98.01911538461539,1.2121846153846154,0.5324153846153846,87.53782307692308,A1
84.5,935.6458571428572,2023-09-25,84.74442857142857,0.9022142857142857,1e-12,25.118567857142857,1023.6870785714286,203.87653571428572,98.80957142857143,1.2216142857142858,0.5299214285714285,87.59186428571428,A1
85,936.25,2023-09-25,85.24413333333334,0.8635333333333334,1e-12,25.081153333333333,1023.7061833333333,206.08883333333333,99.82393333333333,1.2600733333333334,0.52952,87.60052,A1
85.5,936.875,2023-09-25,85.75773333333333,0.8395333333333334,1e-12,24.9378,1023.7557666666667,208.13093333333333,100.57516666666666,1.2822933333333333,0.5296799999999999,87.5972,A1
86,937.4583076923077,2023-09-25,86.23653846153846,0.8229230769230769,1e-12,24.865315384615386,1023.7830961538461,208.9603076923077,100.8563076923077,1.3215000000000001,0.5281769230769231,87.62976153846154,A1
86.5,938.0208571428572,2023-09-25,86.7115,0.823,1e-12,24.79329642857143,1023.8082714285714,208.4365,100.48339285714286,1.3417071428571428,0.5283785714285714,87.62565714285714,A1
87,938.5833076923077,2023-09-25,87.21315384615384,0.8412307692307692,1e-12,24.75655769230769,1023.8222461538462,207.91673076923078,100.17153846153846,1.3555846153846154,0.5292230769230769,87.60677692307692,A1
87.5,939.1458571428572,2023-09-25,87.73721428571429,0.8797142857142857,1e-12,24.688275,1023.8472142857142,207.78221428571428,99.99389285714285,1.3859214285714285,0.5289285714285714,87.61320714285715,A1
88,939.6875,2023-09-25,88.28316666666666,0.9260833333333334,1e-12,24.6475125,1023.8624041666667,207.99479166666666,100.02816666666666,1.4117916666666668,0.5295666666666666,87.599275,A1
88.5,940.1666363636364,2023-09-25,88.795,0.9753636363636363,1e-12,24.619954545454544,1023.8722181818182,208.14186363636364,100.05199999999999,1.5118181818181817,0.5305181818181818,87.57909090909091,A1
89,940.625,2023-09-25,89.28472727272727,1.024,1e-12,24.603163636363636,1023.8801727272728,208.04904545454545,99.97981818181819,1.401590909090909,0.5311272727272728,87.56550909090909,A1
89.5,941.0625,2023-09-25,89.7613,1.0582,1e-12,24.58291,1023.88748,207.8452,99.84700000000001,1.44982,0.5314000000000001,87.55985,A1
90,941.5208333333334,2023-09-25,90.26716666666667,1.079,1e-12,24.574704166666667,1023.8923083333334,207.41358333333332,99.626125,1.4114666666666666,0.5313,87.561925,A1
90.5,941.9792,2023-09-25,90.7749,1.0913,1e-12,24.54426,1023.90567,207.186,99.4676,1.46006,0.53013,87.58724,A1
91,942.4166363636364,2023-09-25,91.22927272727273,1.0934545454545455,1e-12,24.52109090909091,1023.9143727272727,207.4100909090909,99.53622727272727,1.5025,0.5306181818181818,87.57682727272727,A1
91.5,942.8958333333334,2023-09-25,91.71766666666667,1.075,1e-12,24.508241666666667,1023.920225,207.95166666666665,99.77429166666667,1.507325,0.5306333333333333,87.57645,A1
92,943.4375,2023-09-25,92.24714285714286,1.034857142857143,1e-12,24.49288214285714,1023.9271464285714,208.25167857142856,99.89239285714285,1.5358571428571428,0.5306571428571428,87.57585714285715,A1
92.5,944,2023-09-25,92.76007692307692,0.9843846153846154,1e-12,24.480726923076922,1023.9329730769231,208.31246153846155,99.90111538461538,1.5553615384615385,0.5312692307692308,87.56272307692308,A1
93,944.5625,2023-09-25,93.25771428571429,0.9363571428571429,1e-12,24.46575,1023.9408571428571,208.08764285714287,99.76921428571428,1.5837285714285714,0.5322214285714286,87.54206428571428,A1
93.5,945.1666666666666,2023-09-25,93.7582,0.8864,1e-12,24.42606,1023.95593,207.74003333333334,99.53683333333333,1.6669133333333332,0.5318333333333334,87.55072,A1
94,945.7708571428572,2023-09-25,94.2625,0.8498571428571429,1e-12,24.410610714285713,1023.9630785714286,207.27949999999998,99.2905,1.6360571428571429,0.5332428571428571,87.51894285714286,A1
94.5,946.375,2023-09-25,94.75153333333333,0.8262666666666666,1e-12,24.365996666666668,1023.98053,207.22606666666667,99.19206666666668,1.6813133333333332,0.5346866666666666,87.48764,A1
95,946.9615384615385,2023-09-25,95.25376923076924,0.8276923076923076,1e-12,24.332034615384615,1023.9918846153846,207.15646153846154,99.10103846153847,1.6568,0.5352846153846154,87.47461538461539,A1
95.5,947.4967692307692,2023-09-25,95.74553846153846,0.8491538461538461,1e-12,24.320315384615384,1023.9990038461539,206.92665384615384,98.97288461538461,1.6742692307692308,0.5353846153846153,87.4727,A1
96,948.0208333333334,2023-09-25,96.23475,0.8858333333333334,1e-12,24.277054166666666,1024.0120333333334,206.74954166666666,98.81420833333334,1.693225,0.5354666666666666,87.470625,A1
96.5,948.5416923076923,2023-09-25,96.73853846153847,0.926,1e-12,24.262707692307693,1024.017226923077,206.88596153846154,98.8541923076923,1.710623076923077,0.5352076923076923,87.47653076923078,A1
97,949.0833076923077,2023-09-25,97.27953846153846,0.9576153846153845,1e-12,24.260115384615386,1024.0191423076924,207.18342307692308,98.99107692307692,1.7185076923076923,0.5367923076923077,87.44205384615384,A1
97.5,949.5833636363636,2023-09-25,97.78427272727272,0.9837272727272727,1e-12,24.257931818181817,1024.0214090909092,207.23122727272727,99.00999999999999,1.7319272727272728,0.5371363636363636,87.43421818181818,A1
98,950.0659166666667,2023-09-25,98.25925,0.9964999999999999,1e-12,24.250975,1024.0252916666666,207.04470833333335,98.90899999999999,1.7252833333333333,0.539825,87.375175,A1
98.5,950.5590833333333,2023-09-25,98.77133333333333,1.0063333333333333,1e-12,24.23979166666667,1024.0289541666666,206.855625,98.79820833333333,1.735975,0.539075,87.391775,A1
99,951.0625,2023-09-25,99.26116666666667,1.0028333333333332,1e-12,24.206133333333334,1024.0414041666668,206.61320833333335,98.62658333333333,1.7436,0.53825,87.41045,A1
99.5,951.5416363636364,2023-09-25,99.74663636363637,1.0018181818181817,1e-12,24.170213636363638,1024.0538681818182,206.33172727272728,98.43204545454546,1.7502363636363636,0.5391090909090909,87.39120909090909,A1
100,952.0208333333334,2023-09-25,100.21308333333333,0.9976666666666667,1e-12,24.129416666666668,1024.0712416666668,206.155375,98.28279166666667,1.7677,0.5393666666666667,87.38555,A1
100.5,952.5625,2023-09-25,100.727,0.9836428571428572,1e-12,23.947053571428572,1024.1352642857144,206.53817857142857,98.16757142857142,1.8027214285714286,0.5399285714285714,87.3731,A1
101,953.1041666666666,2023-09-25,101.23241666666667,0.9610833333333333,1e-12,23.773120833333333,1024.1863625,206.905625,98.05,1.7973083333333333,0.541075,87.3482,A1
101.5,953.6487857142857,2023-09-25,101.72178571428572,0.9382857142857143,1e-12,23.737907142857143,1024.199092857143,206.11721428571428,97.61803571428571,1.8325428571428573,0.5414142857142857,87.34108571428573,A1
102,954.2262142857143,2023-09-25,102.23357142857142,0.9128571428571429,1e-12,23.667710714285715,1024.230017857143,204.53860714285713,96.76142857142857,1.8396142857142856,0.5392928571428571,87.38732857142857,A1
102.5,954.8125,2023-09-25,102.75685714285714,0.8888571428571429,1e-12,23.495407142857143,1024.2829964285716,203.58332142857142,96.02653571428571,1.8746642857142857,0.5390357142857143,87.39266428571429,A1
103,955.375,2023-09-25,103.2566923076923,0.8876923076923077,1e-12,23.360061538461537,1024.3293192307692,203.4491923076923,95.74503846153846,1.8650153846153847,0.5382846153846154,87.4094923076923,A1
103.5,955.8993333333333,2023-09-25,103.717,0.8914166666666666,1e-12,23.242858333333334,1024.3583916666666,203.67316666666667,95.65245833333333,1.8604916666666667,0.5380416666666666,87.41460000000001,A1
104,956.4345,2023-09-25,104.23085714285715,0.9016428571428572,1e-12,23.209032142857144,1024.3698214285714,203.2825,95.41307142857143,1.8477214285714285,0.53735,87.43001428571428,A1
104.5,956.9791666666666,2023-09-25,104.73591666666667,0.9140833333333334,1e-12,23.1630875,1024.3858958333333,202.47354166666668,94.95875,1.8256999999999999,0.5362333333333333,87.454025,A1
105,957.5,2023-09-25,105.23738461538461,0.9365384615384615,1e-12,23.086546153846154,1024.4093153846154,202.22284615384615,94.71561538461539,1.7965461538461538,0.5364230769230769,87.44971538461539,A1
105.5,958,2023-09-25,105.73554545454546,0.9553636363636363,1e-12,23.039663636363635,1024.4254727272728,202.1325909090909,94.59754545454545,1.7805545454545455,0.5367272727272727,87.44327272727273,A1
106,958.4791666666666,2023-09-25,106.22033333333333,0.9790833333333333,1e-12,22.998308333333334,1024.4382,202.079625,94.50441666666667,1.7844916666666666,0.5380666666666666,87.4146,A1
106.5,959,2023-09-25,106.74807692307692,0.9982307692307693,1e-12,22.997007692307694,1024.4391038461538,201.73250000000002,94.33838461538461,1.7903384615384614,0.5375769230769231,87.42481538461539,A1
107,959.5,2023-09-25,107.28363636363636,1.0196363636363637,1e-12,22.981081818181817,1024.4477863636364,201.06177272727274,94.0005,1.793209090909091,0.5360181818181818,87.45911818181818,A1
107.5,959.9791666666666,2023-09-25,107.76741666666666,1.0311666666666666,1e-12,22.965095833333333,1024.4589958333333,200.31241666666668,93.628,1.8092166666666667,0.5362333333333333,87.454025,A1
108,960.4583636363636,2023-09-25,108.254,1.0331818181818182,1e-12,22.918804545454545,1024.4784727272727,200.1065,93.46045454545454,1.817490909090909,0.5361090909090909,87.45685454545455,A1
108.5,960.9583076923077,2023-09-25,108.77161538461539,1.029,1e-12,22.852438461538462,1024.5000653846155,200.65684615384615,93.6103076923077,1.8219076923076922,0.5345692307692308,87.48993846153846,A1
109,961.4583636363636,2023-09-25,109.25909090909092,1.0164545454545455,1e-12,22.809331818181818,1024.5149545454547,201.34345454545453,93.86113636363636,1.8048545454545455,0.5341181818181818,87.49986363636364,A1
109.5,961.9583076923077,2023-09-25,109.74530769230769,1.001,1e-12,22.752880769230767,1024.5322576923077,202.0271153846154,94.08723076923077,1.7742846153846155,0.5323307692307693,87.53973846153846,A1
110,962.5,2023-09-25,110.24653846153846,0.9721538461538461,1e-12,22.727238461538462,1024.5391692307692,201.86334615384615,93.96723076923077,1.7582230769230769,0.5317923076923077,87.55123076923077,A1
110.5,963.0416923076923,2023-09-25,110.72792307692308,0.939076923076923,1e-12,22.72074230769231,1024.5414615384616,201.3065,93.69603846153846,1.7632923076923077,0.5311769230769231,87.56463846153846,A1
111,963.6041428571428,2023-09-25,111.23257142857143,0.9122142857142858,1e-12,22.71349642857143,1024.5456107142857,200.8524642857143,93.47296428571428,1.7454357142857142,0.5308357142857143,87.5723,A1
111.5,964.1875,2023-09-25,111.74428571428572,0.8902857142857143,1e-12,22.686885714285715,1024.55465,200.63782142857144,93.32942857142858,1.7260714285714287,0.5297571428571428,87.59542142857143,A1
112,964.75,2023-09-25,112.23930769230769,0.8852307692307693,1e-12,22.631723076923077,1024.5748461538462,200.54207692307693,93.19753846153846,1.6779461538461538,0.5293230769230769,87.60486153846153,A1
112.5,965.3125,2023-09-25,112.75,0.8843571428571428,1e-12,22.555425,1024.6013321428572,200.58360714285715,93.09571428571428,1.6488785714285714,0.5290142857142857,87.61142857142858,A1
113,965.875,2023-09-25,113.25715384615384,0.8936923076923077,1e-12,22.537596153846152,1024.6068538461539,200.43307692307692,92.99576923076923,1.6196,0.5274076923076922,87.647,A1
113.5,966.4166923076923,2023-09-25,113.7596923076923,0.9064615384615385,1e-12,22.52938846153846,1024.6101692307693,199.83911538461538,92.70584615384615,1.6176384615384616,0.5265384615384615,87.66615384615385,A1
114,966.9204545454545,2023-09-25,114.2319090909091,0.9197272727272727,1e-12,22.507645454545454,1024.6184954545454,199.32781818181817,92.43404545454545,1.5920636363636362,0.5259727272727273,87.6786909090909,A1
114.5,967.4134615384615,2023-09-25,114.7116923076923,0.9373076923076923,1e-12,22.403257692307694,1024.6545807692307,199.27765384615384,92.24684615384615,1.5407230769230769,0.5258307692307692,87.68147692307691,A1
115,967.9583076923077,2023-09-25,115.24076923076923,0.9516153846153845,1e-12,22.27311923076923,1024.6888538461537,199.67738461538463,92.219,1.4435076923076924,0.5256461538461539,87.68530769230769,A1
115.5,968.4583636363636,2023-09-25,115.73072727272728,0.9669090909090908,1e-12,22.21919090909091,1024.7081136363636,199.59040909090908,92.09368181818182,1.3812909090909091,0.5220454545454545,87.7647090909091,A1
116,968.9583076923077,2023-09-25,116.23030769230769,0.9773846153846154,1e-12,22.156750000000002,1024.7248384615384,199.16119230769232,91.79311538461539,1.3375692307692308,0.5200846153846154,87.80789230769231,A1
116.5,969.4791666666666,2023-09-25,116.75783333333334,0.993,1e-12,22.129745833333335,1024.7326458333332,198.28541666666666,91.344875,1.3138,0.5186083333333333,87.839975,A1
117,969.9791666666666,2023-09-25,117.26833333333333,1.00575,1e-12,22.118379166666667,1024.7364291666668,197.32041666666666,90.88091666666666,1.3058583333333333,0.5187166666666666,87.83789999999999,A1
117.5,970.4791666666666,2023-09-25,117.77216666666666,1.0144166666666665,1e-12,22.108975,1024.7405791666667,196.73666666666668,90.59675,1.3080083333333334,0.5181416666666666,87.85034999999999,A1
118,970.9791666666666,2023-09-25,118.26666666666667,1.0113333333333332,1e-12,22.103079166666667,1024.7439916666667,196.48383333333334,90.470625,1.3018916666666667,0.5163416666666667,87.889775,A1
118.5,971.4791666666666,2023-09-25,118.77141666666667,1.0030833333333333,1e-12,22.092345833333333,1024.7497625,196.341625,90.38870833333333,1.3696583333333334,0.5155083333333333,87.90845,A1
119,971.9791666666666,2023-09-25,119.26558333333334,0.9986666666666667,1e-12,22.07465,1024.7590125000002,196.28241666666668,90.33504166666667,1.2961,0.5155166666666666,87.90845,A1
119.5,972.4791666666666,2023-09-25,119.75633333333333,0.9924166666666666,1e-12,22.058629166666666,1024.7670125,196.28758333333334,90.31337500000001,1.29425,0.5156833333333334,87.9043,A1
120,972.9791666666666,2023-09-25,120.24283333333334,0.9870833333333333,1e-12,22.046845833333332,1024.7733125,196.24491666666665,90.27575,1.266775,0.5150166666666667,87.918825,A1
120.5,973.4791666666666,2023-09-25,120.73091666666667,0.9793333333333333,1e-12,22.037304166666665,1024.7767791666668,196.31025,90.28975,1.2591583333333334,0.5139916666666667,87.94165,A1
121,974,2023-09-25,121.23615384615385,0.9757692307692307,1e-12,22.030103846153846,1024.7792730769231,196.57342307692306,90.39807692307693,1.2589307692307692,0.5139,87.94388461538462,A1
121.5,974.5416923076923,2023-09-25,121.75338461538462,0.9701538461538461,1e-12,22.02138846153846,1024.7829076923076,197.09223076923078,90.62207692307692,1.2485076923076923,0.511776923076923,87.98985384615384,A1
122,975.0833076923077,2023-09-25,122.26476923076923,0.9595384615384615,1e-12,22.007576923076922,1024.7874115384616,197.23488461538463,90.6645,1.244846153846154,0.5135461538461539,87.95154615384615,A1
122.5,975.6041666666666,2023-09-25,122.74674999999999,0.9475833333333333,1e-12,21.990891666666666,1024.7927041666667,196.96224999999998,90.51145833333334,1.2374833333333333,0.51315,87.960325,A1
123,976.1458571428572,2023-09-25,123.25792857142856,0.9383571428571428,1e-12,21.977492857142856,1024.7964107142857,196.68825,90.36267857142857,1.2441071428571429,0.5125928571428572,87.97247857142857,A1
123.5,976.6875,2023-09-25,123.75008333333334,0.9315,1e-12,21.9682375,1024.7998750000002,196.513375,90.26675,1.2408333333333332,0.5128583333333333,87.96655,A1
124,977.2083076923077,2023-09-25,124.23784615384615,0.9276153846153846,1e-12,21.952638461538463,1024.8064115384616,196.1864230769231,90.09196153846155,1.2268076923076923,0.5123230769230769,87.97836153846154,A1
124.5,977.75,2023-09-25,124.75176923076923,0.9284615384615386,1e-12,21.94048076923077,1024.8114038461538,195.73223076923077,89.86373076923077,1.2152846153846153,0.5124076923076923,87.97644615384615,A1
125,978.2708333333334,2023-09-25,125.24383333333333,0.93875,1e-12,21.925625,1024.8180625,195.53133333333332,89.74845833333333,1.1978083333333334,0.512375,87.976925,A1
125.5,978.7916923076923,2023-09-25,125.74261538461539,0.9463846153846154,1e-12,21.898765384615384,1024.82785,195.6983846153846,89.78292307692308,1.1834461538461538,0.5124076923076923,87.97644615384615,A1
126,979.3125,2023-09-25,126.251,0.9568333333333333,1e-12,21.865645833333335,1024.8375166666667,195.98316666666668,89.86004166666666,1.1682,0.5117083333333333,87.99145,A1
126.5,979.8125,2023-09-25,126.72708333333334,0.9618333333333333,1e-12,21.854541666666666,1024.8435333333334,195.90429166666667,89.807125,1.1623833333333333,0.5111416666666666,88.0039,A1
127,980.3333076923077,2023-09-25,127.23969230769231,0.967,1e-12,21.831253846153846,1024.8503884615384,195.38165384615385,89.52938461538461,1.1363846153846153,0.5110923076923076,88.00517692307692,A1
127.5,980.875,2023-09-25,127.77953846153846,0.974,1e-12,21.812184615384616,1024.857876923077,194.80726923076924,89.23626923076924,1.1318615384615385,0.5115307692307692,87.9956,A1
128,981.375,2023-09-25,128.27145454545453,0.9854545454545455,1e-12,21.79114090909091,1024.864540909091,194.66413636363635,89.13681818181819,1.1218727272727274,0.5121454545454546,87.98201818181818,A1
128.5,981.8576666666667,2023-09-25,128.75316666666666,0.99225,1e-12,21.7412125,1024.8863333333334,194.88404166666666,89.163625,1.097075,0.5126666666666667,87.9707,A1
129,982.3717692307692,2023-09-25,129.2700769230769,0.9957692307692307,1e-12,21.572311538461538,1024.9333884615385,195.38334615384616,89.12523076923077,1.0250846153846154,0.5122307692307693,87.98027692307691,A1
129.5,982.8958333333334,2023-09-25,129.77441666666667,0.99025,1e-12,21.4682,1024.9618208333334,195.51445833333332,89.01966666666667,0.9880941666666667,0.5101166666666667,88.026725,A1
130,983.3958333333334,2023-09-25,130.26875,0.9836666666666667,1e-12,21.4146,1024.9753333333333,195.18716666666666,88.784125,0.9612324999999999,0.51125,88.001825,A1
130.5,983.8993333333333,2023-09-25,130.75825,0.98,1e-12,21.359245833333333,1024.9941958333334,194.47483333333332,88.37466666666667,0.9539066666666667,0.5081249999999999,88.0703,A1
131,984.3923333333333,2023-09-25,131.24558333333334,0.9809166666666667,1e-12,21.278666666666666,1025.0125375,193.703125,87.89416666666666,0.9233825,0.5057666666666667,88.122175,A1
131.5,984.9166923076923,2023-09-25,131.74984615384616,0.9786153846153846,1e-12,21.244007692307694,1025.0287923076924,192.59861538461539,87.34265384615385,0.9008169230769231,0.5042769230769231,88.15457692307692,A1
132,985.4166363636364,2023-09-25,132.2300909090909,0.9696363636363636,1e-12,21.20708181818182,1025.036759090909,191.90027272727272,86.96595454545455,0.8914409090909091,0.5028,88.18800909090909,A1
132.5,985.9405,2023-09-25,132.72028571428572,0.9617142857142856,1e-12,21.17879285714286,1025.0474464285714,191.69321428571428,86.82921428571429,0.8738885714285713,0.5026499999999999,88.19124285714285,A1
133,986.5178571428571,2023-09-25,133.2562142857143,0.9443571428571428,1e-12,21.107,1025.0658107142858,191.98817857142856,86.8495,0.8532185714285714,0.5010428571428571,88.22681428571428,A1
133.5,987.0833076923077,2023-09-25,133.77169230769232,0.9296923076923077,1e-12,21.058973076923078,1025.0779076923077,192.0228846153846,86.78876923076923,0.8334738461538461,0.500476923076923,88.23885384615384,A1
134,987.625,2023-09-25,134.25584615384616,0.9141538461538462,1e-12,21.044996153846153,1025.0835,191.59026923076922,86.57146153846153,0.8247407692307692,0.500476923076923,88.23885384615384,A1
134.5,988.1666923076923,2023-09-25,134.756,0.9092307692307693,1e-12,21.044915384615386,1025.087246153846,190.82234615384615,86.2255,0.8140323076923077,0.5000538461538462,88.24843076923077,A1
135,988.7083076923077,2023-09-25,135.25046153846154,0.9111538461538462,1e-12,21.02853846153846,1025.0931,190.45203846153845,86.03261538461538,0.8019153846153846,0.4994461538461538,88.26183846153846,A1
135.5,989.25,2023-09-25,135.74092307692308,0.9135384615384615,1e-12,21.004380769230767,1025.1002461538462,190.52053846153845,86.02538461538461,0.8154407692307692,0.49935384615384615,88.26375384615385,A1
136,989.7916923076923,2023-09-25,136.2456923076923,0.9127692307692308,1e-12,20.984111538461537,1025.1073923076924,190.8231153846154,86.13053846153846,0.802196923076923,0.4987615384615385,88.27716153846153,A1
136.5,990.3333076923077,2023-09-25,136.75538461538463,0.9228461538461539,1e-12,20.962857692307693,1025.1136576923077,190.79203846153845,86.0826923076923,0.7838830769230769,0.4984,88.28482307692308,A1
137,990.8576666666667,2023-09-25,137.24608333333333,0.934,1e-12,20.955395833333334,1025.1165,190.54875,85.960625,0.780525,0.49814166666666665,88.29025,A1
137.5,991.3506666666667,2023-09-25,137.73058333333333,0.9462499999999999,1e-12,20.9328625,1025.1241791666666,190.32595833333332,85.82520833333334,0.793955,0.49778333333333336,88.29854999999999,A1
138,991.8541666666666,2023-09-25,138.224,0.9575,1e-12,20.8993375,1025.1341416666667,190.225625,85.727875,0.7777775,0.49816666666666665,88.29025,A1
138.5,992.375,2023-09-25,138.74876923076923,0.9777692307692307,1e-12,20.768061538461538,1025.1702076923077,190.65023076923077,85.717,0.7545792307692307,0.4978923076923077,88.29631538461538,A1
139,992.875,2023-09-25,139.25427272727273,0.9949090909090909,1e-12,20.69028181818182,1025.1871772727272,190.7395909090909,85.63368181818181,0.7382618181818181,0.4989,88.27402727272727,A1
139.5,993.3541666666666,2023-09-25,139.74616666666668,1.0093333333333332,1e-12,20.654175,1025.1944125,190.42595833333334,85.43433333333333,0.7267991666666667,0.4983416666666667,88.2861,A1
140,993.875,2023-09-25,140.26653846153846,1.0146923076923076,1e-12,20.626261538461538,1025.2053692307693,189.87753846153845,85.14661538461539,0.7128776923076923,0.4968153846153846,88.3193,A1
140.5,994.375,2023-09-25,140.7658181818182,1.010090909090909,2.6483645454545454e-6,20.559431818181817,1025.221931818182,189.4175909090909,84.83595454545454,0.6993,0.49682727272727273,88.3193,A1
141,994.875,2023-09-25,141.24853846153846,0.997,1e-12,20.537223076923077,1025.2257846153846,188.9086153846154,84.57142307692307,0.6959692307692308,0.4956230769230769,88.34611538461539,A1
141.5,995.3958333333334,2023-09-25,141.74683333333334,0.9800833333333333,1e-12,20.491045833333335,1025.2399875,188.61595833333334,84.37020833333334,0.6886441666666667,0.49543333333333334,88.350425,A1
142,995.9198461538462,2023-09-25,142.2386153846154,0.964,1e-12,20.462142307692307,1025.2471692307693,188.55757692307694,84.29846153846154,0.67822,0.4951076923076923,88.3576076923077,A1
142.5,996.4551538461538,2023-09-25,142.75146153846154,0.9508461538461538,1e-12,20.375334615384617,1025.2736730769232,188.57373076923076,84.1753076923077,0.6677938461538462,0.49493846153846155,88.36143846153847,A1
143,997,2023-09-25,143.25076923076924,0.9414615384615385,1e-12,20.235753846153845,1025.3120076923078,188.63746153846154,83.992,0.6401823076923077,0.49622307692307693,88.3327076923077,A1
143.5,997.5416923076923,2023-09-25,143.74346153846153,0.9317692307692308,2.240924e-6,20.122565384615385,1025.3392423076923,188.5011153846154,83.75661538461539,0.6074946153846154,0.49527692307692306,88.35377692307692,A1
144,998.1041428571428,2023-09-25,144.25942857142857,0.9186428571428572,1e-12,20.063535714285713,1025.3468892857143,188.04825,83.459,0.5999492857142857,0.49255714285714286,88.41356428571429,A1
144.5,998.6666923076923,2023-09-25,144.7616923076923,0.9082307692307693,2.240924e-6,20.02136923076923,1025.3560846153846,187.28273076923077,83.05307692307692,0.5990415384615385,0.4925846153846154,88.41315384615385,A1
145,999.2083076923077,2023-09-25,145.25107692307694,0.9043846153846155,1e-12,19.984473076923077,1025.3646346153846,186.54826923076922,82.66988461538462,0.5911507692307693,0.4924923076923077,88.41506923076923,A1
145.5,999.75,2023-09-25,145.75692307692307,0.9062307692307693,1e-12,19.962565384615385,1025.3701230769232,185.9175,82.35580769230769,0.5793161538461539,0.4940846153846154,88.38059230769231,A1
146,1000.2708333333334,2023-09-25,146.25025,0.9218333333333334,1e-12,19.9458375,1025.375475,185.37775,82.09104166666667,0.5735658333333333,0.49356666666666665,88.391925,A1
146.5,1000.7708333333334,2023-09-25,146.73158333333333,0.9385,1e-12,19.928774999999998,1025.3802125,184.967375,81.88266666666667,0.5625775000000001,0.4920333333333333,88.425125,A1
147,1001.2916923076923,2023-09-25,147.25300000000001,0.9596923076923076,2.240924e-6,19.922238461538463,1025.3828576923077,184.89792307692306,81.8413076923077,0.5686115384615384,0.4918923076923077,88.42847692307691,A1
147.5,1001.7916363636364,2023-09-25,147.74381818181817,0.9769090909090908,1e-12,19.918195454545454,1025.3852272727272,185.1125,81.92972727272728,0.5617709090909091,0.4914,88.43927272727272,A1
148,1002.2708333333334,2023-09-25,148.23933333333332,0.995,2.427667583333334e-6,19.913620833333333,1025.3885041666667,185.372625,82.038,0.5595241666666667,0.49101666666666666,88.44794999999999,A1
148.5,1002.7708333333334,2023-09-25,148.75616666666667,1.0111666666666665,2.427667583333333e-6,19.901341666666667,1025.3931708333332,185.52266666666668,82.0855,0.5634933333333334,0.4913,88.44172499999999,A1
149,1003.2708333333334,2023-09-25,149.26425,1.0202499999999999,1e-12,19.8961625,1025.3966041666667,185.51654166666665,82.075125,0.5601358333333334,0.49083333333333334,88.4521,A1
149.5,1003.75,2023-09-25,149.7521818181818,1.025,1e-12,19.891145454545455,1025.3991863636363,185.3180909090909,81.97922727272727,0.5567763636363636,0.49160909090909094,88.43474545454545,A1
150,1004.25,2023-09-25,150.24169230769232,1.0154615384615384,2.240924e-6,19.886242307692306,1025.4020423076922,185.0226153846154,81.84084615384616,0.5581853846153847,0.49154615384615385,88.43613846153846,A1
150.5,1004.75,2023-09-25,150.716,0.9938181818181818,1e-12,19.880986363636364,1025.4051909090908,184.70218181818183,81.69104545454546,0.55811,0.4906,88.45738181818182,A1
151,1005.2916666666666,2023-09-25,151.21586666666667,0.9656,3.884267533333334e-6,19.86523,1025.41074,184.62066666666666,81.63119999999999,0.5558,0.49039333333333335,88.46206,A1
151.5,1005.875,2023-09-25,151.72961538461539,0.9261538461538462,1e-12,19.85359230769231,1025.4146,184.8695,81.72296153846153,0.5528315384615384,0.4901846153846154,88.46678461538461,A1
152,1006.4791875,2023-09-25,152.2605625,0.8971875,1e-12,19.842903125,1025.41905625,185.13540625,81.82425,0.548991875,0.49065,88.45625,A1
152.5,1007.0833076923077,2023-09-25,152.7903076923077,0.8797692307692307,1e-12,19.831423076923077,1025.423226923077,185.0611153846154,81.77346153846155,0.5471953846153846,0.49026153846153847,88.46486923076922,A1
153,1007.6041666666666,2023-09-25,153.25375,0.8763333333333333,1e-12,19.820608333333332,1025.4277,184.814,81.64795833333334,0.54884,0.4902833333333333,88.46455,A1
153.5,1008.1458571428572,2023-09-25,153.747,0.8877857142857143,1e-12,19.814017857142858,1025.4305214285714,184.68989285714287,81.58278571428572,0.5625321428571429,0.49010714285714285,88.4687,A1
154,1008.6875,2023-09-25,154.24925,0.9058333333333334,2.427667583333334e-6,19.810204166666665,1025.4332333333332,184.76479166666667,81.60983333333334,0.5409025000000001,0.490375,88.462475,A1
154.5,1009.2083076923077,2023-09-25,154.7479230769231,0.922923076923077,1e-12,19.80698076923077,1025.4358346153847,184.9071153846154,81.66757692307692,0.5404323076923078,0.489,88.4936,A1
155,1009.7291666666666,2023-09-25,155.248,0.9395,4.855334166666667e-6,19.792804166666667,1025.4432708333334,185.00841666666668,81.69262499999999,0.5531116666666667,0.48991666666666667,88.47285,A1
155.5,1010.2326666666667,2023-09-25,155.74716666666666,0.961,4.855334166666667e-6,19.737962500000002,1025.4553625,185.18241666666665,81.684875,0.5396825000000001,0.4905583333333333,88.458325,A1
156,1010.7045454545455,2023-09-25,156.22736363636363,0.9807272727272727,2.6483645454545454e-6,19.71678181818182,1025.4605454545454,185.03704545454545,81.5875,0.5291381818181818,0.49020909090909093,88.46643636363636,A1
156.5,1011.1875,2023-09-25,156.71883333333332,0.99775,7.283000750000001e-6,19.670058333333333,1025.4730666666667,184.87445833333334,81.44545833333333,0.5244216666666667,0.49,88.470775,A1
157,1011.7083076923077,2023-09-25,157.23569230769232,1.0074615384615384,2.240924e-6,19.6333,1025.4826846153846,184.60846153846154,81.27230769230769,0.5257823076923077,0.4895,88.4821076923077,A1
157.5,1012.25,2023-09-25,157.7626923076923,0.9998461538461538,2.240924e-6,19.563965384615383,1025.498896153846,184.4805769230769,81.11076923076924,0.51902,0.49001538461538463,88.47061538461539,A1
158,1012.7538181818181,2023-09-25,158.2520909090909,0.9867272727272727,1e-12,19.51945,1025.5096363636364,184.3995,81.00740909090909,0.5148181818181818,0.4898,88.47549090909091,A1
158.5,1013.2888666666666,2023-09-25,158.75493333333333,0.9718666666666667,3.884267533333335e-6,19.478839999999998,1025.51872,184.28686666666667,80.8953,0.5157513333333333,0.4895733333333333,88.48032,A1
159,1013.875,2023-09-25,159.28553846153847,0.9439230769230769,2.2409239999999994e-6,19.38729230769231,1025.5447692307691,184.0995769230769,80.6783076923077,0.5100007692307692,0.4889,88.49551538461539,A1
159.5,1014.3958333333334,2023-09-25,159.75291666666666,0.9186666666666667,2.4276675833333336e-6,19.294025,1025.5598416666667,183.81579166666666,80.40908333333333,0.5036625,0.4882,88.5102,A1
160,1014.9375,2023-09-25,160.24657142857143,0.9057857142857143,6.242572214285715e-6,19.2558,1025.5676964285715,183.3027142857143,80.12564285714286,0.5060164285714286,0.4898571428571429,88.47403571428572,A1
160.5,1015.5,2023-09-25,160.74653846153845,0.9016153846153846,6.722770000000001e-6,19.20797307692308,1025.586473076923,182.7941923076923,79.8363076923077,0.4885892307692308,0.4894076923076923,88.48402307692308,A1
161,1016.0416923076923,2023-09-25,161.24046153846155,0.9016923076923077,8.963693e-6,18.96116153846154,1025.6359153846154,183.2945,79.68203846153845,0.4739353846153846,0.4895846153846154,88.4801923076923,A1
161.5,1016.5833076923077,2023-09-25,161.7479230769231,0.9073846153846155,1e-12,18.946761538461537,1025.6305653846152,183.11384615384614,79.57465384615385,0.46632615384615383,0.4874846153846154,88.52616153846154,A1
162,1017.1041666666666,2023-09-25,162.23741666666666,0.9229166666666667,7.28300075e-6,18.957333333333334,1025.6293416666667,182.2135,79.19829166666666,0.4667275,0.48906666666666665,88.491525,A1
162.5,1017.5833636363636,2023-09-25,162.72181818181818,0.943,2.648364545454545e-6,18.947095454545455,1025.634209090909,181.32168181818182,78.79595454545455,0.46719818181818185,0.4884545454545455,88.50491818181818,A1
163,1018.0625,2023-09-25,163.21391666666668,0.9776666666666667,9.710667333333335e-6,18.93365,1025.6378375,180.882,78.58404166666666,0.4688616666666667,0.4887666666666667,88.49775,A1
163.5,1018.5625,2023-09-25,163.73441666666668,1.0079166666666666,2.427667583333334e-6,18.931354166666665,1025.639125,180.89279166666665,78.58433333333333,0.46642083333333334,0.48773333333333335,88.52057500000001,A1
164,1019.0625,2023-09-25,164.26425,1.034,4.855334166666667e-6,18.919016666666668,1025.6441041666667,181.233375,78.71408333333333,0.46092833333333333,0.487825,88.5185,A1
164.5,1019.5625,2023-09-25,164.78025,1.04375,7.283000750000001e-6,18.877804166666667,1025.6620166666667,181.56245833333332,78.800875,0.46245416666666667,0.488775,88.49775,A1
165,1020.0416363636364,2023-09-25,165.26263636363637,1.0406363636363636,5.296728090909091e-6,18.74835909090909,1025.683359090909,182.0774090909091,78.8265,0.45288181818181816,0.48803636363636366,88.51397272727273,A1
165.5,1020.5416923076923,2023-09-25,165.75861538461538,1.023153846153846,6.7227700000000015e-6,18.701046153846153,1025.6935615384616,182.29984615384615,78.85126923076923,0.44604076923076924,0.48843846153846154,88.50509230769231,A1
166,1021.0625,2023-09-25,166.27033333333333,1.0016666666666667,9.710667333333333e-6,18.630187499999998,1025.7105625,182.26433333333333,78.73054166666667,0.44841166666666665,0.4875333333333334,88.524725,A1
166.5,1021.5833076923077,2023-09-25,166.774,0.9866153846153846,2.240924e-6,18.55022307692308,1025.7261038461538,182.05346153846153,78.51853846153845,0.44688692307692307,0.48730769230769233,88.52999230769231,A1
167,1022.1041666666666,2023-09-25,167.27058333333332,0.97375,7.283000750000001e-6,18.523975,1025.7294583333332,181.49625,78.23641666666667,0.4456658333333333,0.4882,88.5102,A1
167.5,1022.625,2023-09-25,167.7443846153846,0.9527692307692307,4.481847000000001e-6,18.509996153846153,1025.7324192307692,180.89696153846154,77.95596153846154,0.4423776923076923,0.4866153846153846,88.54531538461539,A1
168,1023.1875,2023-09-25,168.2565,0.9303571428571429,4.1617151428571435e-6,18.50642142857143,1025.7344535714285,180.51764285714287,77.78667857142857,0.44113,0.48741428571428574,88.52739285714286,A1
168.5,1023.75,2023-09-25,168.74384615384616,0.9056153846153846,4.481847e-6,18.486638461538462,1025.7423346153846,180.38176923076924,77.70015384615385,0.4392776923076923,0.48843846153846154,88.50509230769231,A1
169,1031.0827866666666,2023-09-25,169.35374666666667,0.07547999999999999,3.884267533333332e-6,18.675152,1025.699581,180.8559,78.17937333333333,0.4994136666666667,0.48862666666666665,88.500904,A1
169.5,1037.396591240876,2023-09-25,169.66014598540147,0.06813625304136257,2.9061128223844277e-6,18.880977615571776,1025.6649922141119,181.92889416058395,78.95271532846715,0.5279178832116789,0.48805231143552313,88.51359270072993,A1
170,1048.2291500000001,2023-09-25,170.219125,0.25775,1.0196200650000001e-5,18.1526225,1025.8068475,180.17755,77.115,0.43891825,0.4863475,88.5514925,A1
170.5,1049.8333513513514,2023-09-25,170.7244054054054,0.312027027027027,2.362054972972974e-6,18.080305405405404,1025.817485135135,178.89697297297297,76.45695945945945,0.43292621621621624,0.4857189189189189,88.56560810810811,A1
171,1051.5,2023-09-25,171.2416511627907,0.3117674418604651,6.774884488372094e-6,18.431976744186045,1025.734388372093,178.5527558139535,76.81086046511628,0.4407527906976744,0.4873279069767442,88.5295023255814,A1
171.5,1053.0820606060606,2023-09-25,171.7589696969697,0.3208484848484849,4.4139402424242435e-6,18.487166666666667,1025.7499757575758,181.21177272727272,78.05336363636364,0.44533333333333336,0.48793030303030305,88.51623636363637,A1
172,1054.3958333333333,2023-09-25,172.2569,0.3678666666666667,4.855334166666666e-6,18.10646,1025.82642,183.8931,78.63638333333333,0.44249,0.4880066666666667,88.51435000000001,A1
172.5,1055.54168,2023-09-25,172.76424,0.41724,5.8264008e-6,18.046102,1025.83147,181.08458,77.34026,0.4284244,0.487244,88.531448,A1
173,1056.5434782608695,2023-09-25,173.25904347826088,0.4732173913043478,8.866261565217391e-6,18.03257608695652,1025.8343652173912,179.5942608695652,76.68254347826087,0.42666,0.48763913043478263,88.5228304347826,A1
173.5,1057.4563333333333,2023-09-25,173.75528571428572,0.5169523809523809,1.1097905380952382e-5,18.012130952380954,1025.8388785714285,179.75061904761904,76.71819047619047,0.42386238095238093,0.48633809523809524,88.5517,A1
174,1058.3333333333333,2023-09-25,174.24919047619048,0.5484285714285715,8.323429285714288e-6,17.998761904761906,1025.843469047619,180.3039761904762,76.93445238095238,0.4259552380952381,0.4870666666666667,88.5351,A1
174.5,1059.1666842105262,2023-09-25,174.74331578947368,0.5753684210526315,3.0665272105263154e-6,17.97077631578947,1025.8505,180.1486842105263,76.82657894736842,0.42471684210526317,0.4868789473684211,88.53946842105263,A1
175,1059.9583157894738,2023-09-25,175.23847368421053,0.6005263157894737,1.0732842736842107e-5,17.943786842105265,1025.8571631578948,179.65960526315789,76.578,0.42548842105263157,0.48635263157894737,88.55126315789474,A1
175.5,1060.7291666666667,2023-09-25,175.73605555555557,0.6277222222222222,6.473778555555555e-6,17.929208333333335,1025.8613583333333,179.70333333333332,76.57472222222222,0.42043277777777777,0.4864,88.55031666666666,A1
176,1061.5,2023-09-25,176.22926315789474,0.6440526315789474,1.3799368947368421e-5,17.916302631578947,1025.864897368421,179.90752631578948,76.64197368421053,0.4150768421052632,0.4862421052631579,88.55388421052632,A1
176.5,1062.2731666666666,2023-09-25,176.73455555555554,0.6453333333333333,6.473778555555555e-6,17.909658333333333,1025.8681972222223,179.76336111111112,76.5706388888889,0.41473444444444446,0.4867111111111111,88.5434,A1
177,1063.0185,2023-09-25,177.2362222222222,0.656888888888889,3.2368897777777782e-6,17.90026111111111,1025.8717305555556,179.6213611111111,76.49602777777777,0.416565,0.48584444444444447,88.56276666666666,A1
177.5,1063.7708333333333,2023-09-25,177.74105555555556,0.6677222222222222,9.710667333333333e-6,17.883502777777778,1025.8775722222222,179.76461111111112,76.53275000000001,0.4171766666666667,0.48609444444444444,88.55723333333333,A1
178,1064.5208333333333,2023-09-25,178.27105555555556,0.6852222222222222,1.2947556111111113e-5,17.864852777777777,1025.8819527777778,179.8264722222222,76.53052777777778,0.4127,0.4862166666666667,88.55446666666667,A1
178.5,1065.2111333333332,2023-09-25,178.75573333333332,0.7001999999999999,7.768534066666667e-6,17.85857,1025.8851766666667,179.63916666666668,76.44156666666667,0.41440933333333335,0.48582,88.56332,A1
179,1065.8935,2023-09-25,179.2655,0.714111111111111,9.710667333333333e-6,17.841652777777778,1025.8905805555555,179.4595,76.34030555555556,0.4084244444444445,0.4856,88.5683,A1
179.5,1066.5833333333333,2023-09-25,179.78093333333334,0.7348666666666667,1.9421342666666666e-6,17.831243333333333,1025.89437,179.3749,76.2886,0.4109893333333333,0.48575999999999997,88.56497999999999,A1
180,1067.1875,2023-09-25,180.25878571428572,0.7555714285714286,8.323429285714284e-6,17.807132142857142,1025.9011071428572,179.56924999999998,76.33596428571428,0.40685642857142856,0.4853642857142857,88.57363571428571,A1
180.5,1067.770857142857,2023-09-25,180.7377857142857,0.7817142857142857,8.323429285714284e-6,17.788467857142855,1025.9054678571429,179.74682142857142,76.38314285714286,0.4013592857142857,0.48487857142857144,88.58430714285714,A1
181,1068.3333076923077,2023-09-25,181.217,0.8151538461538461,8.963693e-6,17.781257692307694,1025.9082461538462,179.69996153846154,76.35203846153846,0.40039538461538465,0.48593846153846154,88.56063846153846,A1
181.5,1068.9166666666667,2023-09-25,181.73646666666667,0.8473333333333333,1.1652800600000001e-5,17.76813,1025.9126833333332,179.46573333333333,76.23316666666666,0.404642,0.48552666666666666,88.56996,A1
182,1069.4791666666667,2023-09-25,182.24133333333333,0.8725,1.2138333916666668e-5,17.76472083333333,1025.9147166666667,179.135,76.08716666666666,0.40018333333333334,0.48578333333333334,88.56415,A1
182.5,1070,2023-09-25,182.73715384615386,0.9011538461538462,1.1204616e-5,17.757384615384616,1025.9181576923077,179.05553846153845,76.04246153846154,0.40349307692307695,0.4855230769230769,88.57021538461538,A1
183,1070.5416923076923,2023-09-25,183.2556923076923,0.9292307692307692,8.963693e-6,17.755476923076923,1025.9206153846155,179.05596153846153,76.03976923076924,0.4054669230769231,0.4848384615384615,88.58553846153846,A1
183.5,1071.0625,2023-09-25,183.77425,0.9570833333333333,9.710667333333335e-6,17.747129166666667,1025.9242166666668,179.002625,76.00470833333333,0.4044575,0.4852333333333333,88.5766,A1
184,1071.5416363636364,2023-09-25,184.2608181818182,0.9749090909090908,1.3241818727272728e-5,17.737927272727273,1025.9291409090908,178.82081818181817,75.91472727272728,0.39826818181818185,0.4855,88.57056363636363,A1
184.5,1072.0416923076923,2023-09-25,184.7626923076923,0.9977692307692307,1.1204616000000002e-5,17.71256923076923,1025.936073076923,178.729,75.8388076923077,0.40659307692307695,0.48593846153846154,88.56063846153846,A1
185,1072.5416363636364,2023-09-25,185.26154545454546,1.007090909090909,1.0593455181818182e-5,17.687431818181818,1025.9426772727272,178.79354545454547,75.82909090909091,0.4095927272727273,0.4858,88.56377272727272,A1
185.5,1073.0416923076923,2023-09-25,185.7496153846154,1.0016153846153846,6.722770000000001e-6,17.676896153846155,1025.9456884615386,178.91538461538462,75.86476923076923,0.4054653846153846,0.4861923076923077,88.55489230769231,A1
186,1073.5625,2023-09-25,186.27033333333333,0.9911666666666666,1.6993667083333333e-5,17.652070833333333,1025.95405,179.20491666666666,75.952125,0.403845,0.48614999999999997,88.55584999999999,A1
186.5,1074.0625,2023-09-25,186.74541666666667,0.9848333333333333,7.283000750000001e-6,17.599775,1025.96865,179.54762499999998,76.022375,0.40598333333333336,0.48614999999999997,88.55584999999999,A1
187,1074.604142857143,2023-09-25,187.25892857142858,0.9695,8.323429285714286e-6,17.529257142857144,1025.981275,179.99742857142857,76.10696428571428,0.4050242857142857,0.48614999999999997,88.55584999999999,A1
187.5,1075.1666923076923,2023-09-25,187.76792307692307,0.9453076923076923,6.7227700000000015e-6,17.485892307692307,1025.9902961538462,180.1288076923077,76.09788461538461,0.3975769230769231,0.48593846153846154,88.56063846153846,A1
188,1075.729142857143,2023-09-25,188.25278571428572,0.9147142857142857,1.0404286357142858e-5,17.440757142857144,1026.000125,180.21864285714287,76.06889285714286,0.397435,0.4851285714285714,88.57897142857142,A1
188.5,1076.3125,2023-09-25,188.751,0.8802142857142857,8.323429285714286e-6,17.358032142857144,1026.018075,180.249,75.96003571428571,0.39795785714285714,0.4866214285714286,88.54517857142858,A1
189,1076.9166666666667,2023-09-25,189.2358,0.8469333333333333,1.3594933866666667e-5,17.31652,1026.0235933333333,179.78926666666666,75.7024,0.3985346666666667,0.48642,88.55004,A1
189.5,1077.5625,2023-09-25,189.7495625,0.8199375,9.1037506875e-6,17.29841875,1026.027871875,179.07034375,75.37234375,0.394914375,0.485875,88.562075,A1
190,1078.2083333333333,2023-09-25,190.25146666666666,0.7896666666666667,9.710667333333333e-6,17.261673333333334,1026.0368933333334,178.98363333333333,75.2822,0.391452,0.48507999999999996,88.57992,A1
190.5,1078.8333333333333,2023-09-25,190.7416,0.7848,7.768534066666667e-6,17.2413,1026.04083,179.18683333333334,75.3365,0.392428,0.48589333333333334,88.56166,A1
191,1079.5,2023-09-25,191.24864705882354,0.7791764705882354,5.140942000000001e-6,17.226788235294116,1026.0450794117646,179.29570588235293,75.3605294117647,0.39301882352941175,0.4852764705882353,88.57562352941176,A1
191.5,1080.1666666666667,2023-09-25,191.7578,0.7612666666666666,9.710667333333335e-6,17.20973,1026.0502733333333,179.25033333333334,75.31636666666667,0.39218533333333333,0.48558666666666667,88.56830000000001,A1
192,1080.8333529411764,2023-09-25,192.2641176470588,0.763,6.8545889999999995e-6,16.75893529411765,1026.1666794117648,180.62861764705883,75.25011764705883,0.38957176470588234,0.48480588235294114,88.58587647058823,A1
192.5,1081.5416470588236,2023-09-25,192.75858823529413,0.7475294117647059,1.8850118e-5,16.395441176470587,1026.199417647059,181.51017647058825,75.05832352941177,0.38203176470588235,0.48468235294117645,88.58880588235294,A1
193,1082.2731666666666,2023-09-25,193.26011111111112,0.7056111111111111,1.1329111722222224e-5,16.32683888888889,1026.2071277777777,179.194,73.99602777777777,0.37505055555555555,0.48402222222222224,88.60288333333332,A1
193.5,1083.0394736842106,2023-09-25,193.7537894736842,0.6728947368421053,1.533263205263158e-5,16.285236842105263,1026.2120131578947,177.18473684210528,73.10313157894737,0.3963763157894737,0.4847736842105263,88.58664736842105,A1
194,1083.8958181818182,2023-09-25,194.25531818181818,0.6266818181818182,5.296728090909091e-6,16.213495454545455,1026.2259704545454,177.76684090909092,73.23870454545454,0.37479181818181817,0.48359090909090907,88.6124409090909,A1
194.5,1084.7916666666667,2023-09-25,194.76685714285713,0.5796666666666667,9.710667333333333e-6,16.161759523809526,1026.2333738095238,178.87307142857142,73.61659523809524,0.3741519047619048,0.48391428571428574,88.60505714285713,A1
195,1085.708347826087,2023-09-25,195.25708695652173,0.5584347826086956,8.866261565217391e-6,16.117,1026.2444152173914,179.12380434782608,73.65517391304348,0.3752204347826087,0.48368260869565216,88.61052173913043,A1
195.5,1086.6875,2023-09-25,195.74016666666665,0.5150833333333333,1.3352167208333334e-5,16.033189583333332,1026.2580104166666,179.106375,73.52372916666667,0.37149,0.4834625,88.6149875,A1
196,1087.71,2023-09-25,196.22736,0.48344,1.048752064e-5,16.00723,1026.261552,179.40464,73.60618,0.371136,0.483692,88.610132,A1
196.5,1088.7065217391305,2023-09-25,196.72586956521738,0.4864782608695652,1.3932696173913044e-5,16.00116086956522,1026.2635891304349,179.53578260869565,73.65026086956522,0.37346869565217394,0.48407391304347824,88.60186086956521,A1
197,1089.70832,2023-09-25,197.22976,0.50208,1.398336052e-5,15.990138,1026.26743,179.75034,73.72202,0.3690828,0.483552,88.61312,A1
197.5,1090.75,2023-09-25,197.74508,0.49956,1.1652800600000001e-5,15.971104,1026.272458,180.09056,73.83328,0.3723076,0.484248,88.59818,A1
198,1091.918,2023-09-25,198.25912903225807,0.4669032258064516,1.2216645741935483e-5,15.941633870967742,1026.2789145161291,180.2487258064516,73.85438709677419,0.3724441935483871,0.48431612903225807,88.59641290322581,A1
198.5,1093.4791818181818,2023-09-25,198.77463636363638,0.3504772727272727,8.607182522727273e-6,15.919272727272727,1026.2834511363635,179.95557954545455,73.70040909090909,0.3742920454545455,0.4843863636363636,88.59489772727272,A1
199,1110.3719903846154,2023-09-25,199.35939903846153,0.011730769230769204,1.0924500624999998e-5,16.251884615384615,1026.2256786057692,180.25555528846155,74.31092548076923,0.37778326923076927,0.4840778846153846,88.60181923076922,A1
199.5,1110.1472218543047,2023-09-25,199.72928476821193,0.018341059602648993,1.1768556887417219e-5,16.18017301324503,1026.2353720198676,179.96191721854305,74.08131291390728,0.3756646688741722,0.4837314569536424,88.60927781456954,A1
NA,1112.1379505300354,2023-09-25,200.1727137809187,0.1049929328621908,1.2043972318021202e-5,15.935214310954064,1026.2807881625442,179.51749646643108,73.54026855123675,0.37660402826855127,0.4835572438162544,88.61317279151943,A1
