depth_cat,time_s,date,pressure,descent_rate,PAR,temp,density,oxygen_conc,perc_ox_sat,fluorescence,station
0,2782.085078544061,2023-09-26,0.4662088122605364,-0.01015708812260536,4551.237164750958,25.017689559386973,998.1751641762452,228.62923946360152,89.13841187739463,0.4642328984674331,C2
0.5,2457.4772461853504,2023-09-26,0.7340430457746462,-0.0016296654838533038,3278.816372862701,25.89319024794601,997.1839199618545,244.74083576877933,96.02286305751174,0.3843958468603257,C2
1,182.88747037273708,2023-09-26,1.1245603695444406,-0.002221407915775743,4878.368493150686,26.187526130933417,997.8939153791016,251.51051314112775,102.34267035680153,0.07721244313475663,C2
1.5,1275.8416277056288,2023-09-26,1.7076060606060606,0.11742424242424243,4595.966666666666,26.970625757575757,1020.0867073593074,204.07209956709957,99.39852164502165,0,C2
2,913.5674947916668,2023-09-26,2.2856197916666665,4.0625000000004086e-4,3709.2395833333335,26.97367994791667,1022.6956158854167,202.43371875,101.1033203125,0.00394919791666667,C2
2.5,1076.2166699999993,2023-09-26,2.785945,0.005749999999999948,1854.1369000000002,26.97000125,1022.702487,198.5999175,99.186245,0.03741763499999996,C2
3,1499.0334636118587,2023-09-26,3.2198598382749326,-0.03981401617250674,1463.0259838274933,26.961708894878708,1022.7062530997305,189.02622237196766,94.39126684636119,0.20434837466307276,C2
3.5,1136.0584728682168,2023-09-26,3.7531782945736434,-0.05077519379844959,1386.9573643410852,26.960117829457364,1022.7073825581396,193.90445736434108,96.82370542635658,0.2293211007751938,C2
4,1387.9718088235288,2023-09-26,4.253742647058823,-0.08310294117647056,1251.3294852941176,26.960494485294117,1022.7099029411764,195.01881617647058,97.38136764705882,0.37093297794117647,C2
4.5,1906.1439148936158,2023-09-26,4.756960992907802,-0.05324822695035458,1147.5781914893616,26.96022074468085,1022.7131136524823,196.10630673758865,97.92490070921986,0.4236094574468085,C2
5,1945.7775326633168,2023-09-26,5.277798994974875,-0.23260552763819095,1000.3899497487438,26.963161306532662,1022.7153577889447,192.3105552763819,96.03458417085427,0.4345628140703518,C2
5.5,2352.47716416185,2023-09-26,5.781470520231214,-0.17594450867052022,901.4130751445086,26.961987225433525,1022.7182912716763,192.66691329479767,96.2110225433526,0.4379467595375723,C2
6,2407.8555545144786,2023-09-26,6.25633475298126,-0.03318994889267461,885.1463458262351,26.961182538330494,1022.7203973594549,192.9460724020443,96.3489454855196,0.44072384156729133,C2
6.5,2440.447664488016,2023-09-26,6.7229673202614375,0.12838017429193901,840.6942265795207,26.961902995642703,1022.7211980392157,195.715598583878,97.73282516339869,0.4377606100217865,C2
7,2137.565955766191,2023-09-26,7.218829383886256,0.23796840442338069,852.9112954186414,26.961866429699842,1022.7228362559242,195.23321879936807,97.4915821484992,0.43652815165876774,C2
7.5,1639.0753185185192,2023-09-26,7.736,0.19892592592592584,832.9462222222222,26.96204074074074,1022.724692962963,186.21665555555555,92.98941111111111,0.4294396296296296,C2
8,1004.6185824175826,2023-09-26,8.25701098901099,0.08597802197802193,892.2259340659341,26.96029945054945,1022.7273098901098,188.74826923076924,94.25063736263736,0.4214867032967033,C2
8.5,991.5387821782177,2023-09-26,8.762722772277227,0.12607920792079208,808.4842574257426,26.96055099009901,1022.7290371287129,189.46337623762378,94.60781188118811,0.4178361386138614,C2
9,974.6278248587568,2023-09-26,9.166197740112995,0.03905649717514126,829.4777966101694,26.96099661016949,1022.7299725988701,192.64133615819208,96.19476836158192,0.4201077966101695,C2
9.5,1681.163479166667,2023-09-26,9.812631944444444,-0.02999999999999998,721.7850694444445,26.959363194444446,1022.7342520833333,193.2692673611111,96.50663541666667,0.42483166666666666,C2
10,1286.4604341085285,2023-09-26,10.193089147286821,-0.016825581395348874,708.5262790697675,26.958182364341084,1022.7357494186047,191.70064147286823,95.72111434108527,0.42079116279069767,C2
10.5,1028.2098378378375,2023-09-26,10.71391891891892,-0.05027927927927933,744.0588288288288,26.957931531531532,1022.7387072072072,176.37084234234234,88.06684234234234,0.4138864864864865,C2
11,899.4982635983265,2023-09-26,11.268694560669456,-0.3348493723849372,747.6701673640167,26.945651255230125,1022.7422313807531,193.1646610878661,96.43025523012552,0.4211537656903766,C2
11.5,876.28726741573,2023-09-26,11.740258426966292,-0.21179101123595512,698.4603820224719,26.943099550561797,1022.7450191011236,195.4452629213483,97.56487303370787,0.42411894382022475,C2
12,885.885098914355,2023-09-26,12.257320868516285,-0.08916284680337754,677.7949095295537,26.94279861278649,1022.7474878166465,191.9782334137515,95.8335747889023,0.43091392038600723,C2
12.5,850.2271038506401,2023-09-26,12.705070011668612,0.07069778296382734,656.218389731622,26.93604072345391,1022.7513082847141,194.3541925320887,97.00901108518086,0.42551176196032675,C2
13,877.1638594704674,2023-09-26,13.259201629327903,0.301918533604888,691.5495315682281,26.924643482688392,1022.7567896130346,196.091149694501,97.85742362525458,0.4275870264765784,C2
13.5,934.9561365638766,2023-09-26,13.645991189427313,0.30111013215859034,600.3210572687225,26.918155286343612,1022.7592497797357,197.68660572687224,98.64219823788547,0.42794246696035243,C2
14,1333.5955517241377,2023-09-26,14.247637931034483,0.03972413793103452,618.9324137931035,26.930533620689655,1022.7584965517242,197.61378448275863,98.62625,0.42200344827586206,C2
14.5,1471.4148,2023-09-26,14.743311111111112,0.010933333333333385,532.4371111111111,26.900066666666667,1022.7695611111111,197.69854444444445,98.61896666666667,0.4339446666666667,C2
15,1385.1161830985916,2023-09-26,15.304647887323943,0.18742253521126762,545.9912676056338,26.876511971830986,1022.7778197183098,197.73497183098593,98.59787323943662,0.4398701408450704,C2
15.5,2021.4718285714282,2023-09-26,15.669933333333333,-0.04299523809523813,482.9962380952381,26.860760714285714,1022.7844773809524,197.66548333333333,98.53809523809524,0.4526254761904762,C2
16,1753.1879361702129,2023-09-26,16.24759574468085,-0.11576595744680848,482.9429787234043,26.853935106382977,1022.7887712765958,197.6198510638298,98.50412765957446,0.4500814893617021,C2
16.5,1843.593512195122,2023-09-26,16.74517073170732,-0.07078048780487804,508.55951219512195,26.852258536585367,1022.7915658536585,197.85306097560976,98.61769512195121,0.4510851219512195,C2
17,1867.614575,2023-09-26,17.246,0.042175,443.47225000000003,26.850416250000002,1022.7945325,197.7744125,98.575725,0.46456000000000003,C2
17.5,2132.2786119402986,2023-09-26,17.775328358208956,0.023641791044776123,439.1889552238806,26.84665895522388,1022.798654477612,197.83502985074628,98.6005223880597,0.48433582089552235,C2
18,2084.9973999999997,2023-09-26,18.2231,-0.032499999999999994,426.08375,26.846264375,1022.8008725,197.84361875,98.60435,0.474587625,C2
18.5,1735.5146140350876,2023-09-26,18.748684210526317,0.07482456140350872,440.71999999999997,26.847023684210527,1022.8026771929825,197.99273684210527,98.67969298245615,0.46410929824561403,C2
19,1434.4003164556962,2023-09-26,19.281493670886075,0.12073417721518981,470.4283544303797,26.8480582278481,1022.8043879746836,197.95529746835442,98.66248734177215,0.4604720253164557,C2
19.5,1449.1953703703707,2023-09-26,19.738192592592593,0.03976296296296298,437.4440740740741,26.849107407407406,1022.8060648148148,197.53150740740742,98.4529925925926,0.4632482962962963,C2
20,2200.6627333333336,2023-09-26,20.1435,-0.03362222222222221,397.48227777777777,26.843956944444443,1022.8104647222223,197.74138333333335,98.55018055555556,0.478978,C2
20.5,2247.740546511628,2023-09-26,20.768633720930232,-0.006930232558139548,366.3375,26.84231656976744,1022.8143965116279,197.92473546511627,98.63955523255814,0.4759989534883721,C2
21,2174.998819047619,2023-09-26,21.216333333333335,-0.08481904761904759,387.2113333333333,26.837080476190476,1022.8190904761905,197.6530619047619,98.4967,0.48466761904761907,C2
21.5,2278.4371846153845,2023-09-26,21.75730769230769,-0.007625641025641055,385.56553846153844,26.836157692307694,1022.8220556410256,197.71108717948718,98.52438974358975,0.49266471794871797,C2
22,1916.4576507936506,2023-09-26,22.23063492063492,0.11025396825396824,369.2890476190476,26.83913492063492,1022.8224452380953,197.7895,98.56769047619048,0.4878188888888889,C2
22.5,2235.368857142857,2023-09-26,22.765245535714286,0.010790178571428556,348.63392857142856,26.836129017857143,1022.8264334821429,198.05046205357144,98.69353348214285,0.4925265625,C2
23,1926.8661779661018,2023-09-26,23.26335593220339,0.03572033898305084,363.40593220338985,26.83453813559322,1022.8291283898305,198.06700847457628,98.69922033898305,0.4980441525423729,C2
23.5,2192.862056497175,2023-09-26,23.793559322033897,-0.014559322033898276,353.8415254237288,26.830687005649718,1022.8333437853107,197.9792881355932,98.64992090395481,0.5048527683615819,C2
24,2173.1933414634145,2023-09-26,24.331317073170734,-0.020634146341463346,320.77756097560973,26.82717469512195,1022.8367731707317,197.7169756097561,98.51363414634146,0.4996648780487805,C2
24.5,2260.39126876268,2023-09-26,24.820623732251523,-0.0690365111561866,321.2424949290061,26.82465248478702,1022.8394895537525,197.85883265720082,98.58008164300203,0.49972521298174444,C2
25,2267.6591927710847,2023-09-26,25.240321285140563,0.06133199464524767,312.0295448460509,26.827715997322624,1022.8402910977243,197.96378179384203,98.63727777777778,0.49851657295850066,C2
25.5,2117.7905723684207,2023-09-26,25.609486842105262,0.13415789473684211,322.0999342105263,26.825280592105262,1022.8424115131579,198.02911184210527,98.6656875,0.5068200657894737,C2
26,1804.3055614035088,2023-09-26,26.25219298245614,0.06510526315789476,310.2133333333333,26.803035087719298,1022.8511815789474,197.85007894736842,98.5398947368421,0.5605680701754386,C2
26.5,2093.8149509803925,2023-09-26,26.676470588235293,-0.10736274509803921,291.1526470588235,26.78233088235294,1022.8589161764706,198.18975490196078,98.67517156862745,0.5500973529411765,C2
27,1768.876804347826,2023-09-26,27.222652173913044,-0.09491304347826084,302.55021739130433,26.791771739130436,1022.8581641304348,198.18145652173914,98.68607608695652,0.5198282608695652,C2
27.5,1732.0902777777778,2023-09-26,27.7535,-0.031250000000000076,319.47333333333336,26.783781944444446,1022.8617138888889,198.41569444444445,98.78870833333333,0.5183144444444444,C2
28,1731.8402777777778,2023-09-26,28.25733333333333,0.01825000000000005,330.42555555555555,26.783629166666667,1022.8629472222223,198.8003611111111,98.97902777777777,0.5236047222222222,C2
28.5,1331.0899210526316,2023-09-26,28.84528947368421,0.0029605263157895245,323.9822368421053,26.800096052631577,1022.8607875,198.55421710526315,98.88353289473685,0.5174477631578948,C2
29,1220.786962406015,2023-09-26,29.205406015037592,0.12369172932330826,320.66105263157897,26.77064097744361,1022.8715364661654,198.31873684210527,98.71865037593984,0.51249007518797,C2
29.5,2116.508267241379,2023-09-26,29.742612068965517,-0.07425862068965519,277.58198275862065,26.549874568965517,1022.9394952586207,199.5294051724138,98.960375,0.5917329310344828,C2
30,1867.9958199999999,2023-09-26,30.20196,-0.19011999999999993,298.8898,26.664197,1022.901671,199.0011,98.87961,0.5722338,C2
30.5,1651.6168888888888,2023-09-26,30.73611111111111,-0.004138888888888815,263.09277777777777,26.624301388888888,1022.9193666666666,199.1389027777778,98.88506944444444,0.5726491666666667,C2
31,1753.7833428571428,2023-09-26,31.257942857142858,-0.04737142857142858,256.656,26.56094,1022.9401242857143,199.71928571428572,99.06898571428572,0.571116,C2
31.5,1560.3292682926829,2023-09-26,31.78219512195122,0.18353658536585366,268.5829268292683,26.583492682926828,1022.9376304878049,199.36475609756098,98.93135365853658,0.572500243902439,C2
32,1226.4732735849059,2023-09-26,32.32695283018868,0.1562641509433962,291.7392452830189,26.653868396226414,1022.9199179245282,198.6459245283019,98.69065094339622,0.5903995283018868,C2
32.5,1951.6345899280575,2023-09-26,32.84394964028777,-0.048395683453237394,253.54539568345322,26.433391726618705,1022.988040647482,200.01652158273382,99.01079496402878,0.6336992086330936,C2
33,1803.1386363636366,2023-09-26,33.21347272727273,-0.2071272727272728,261.6330909090909,26.46742181818182,1022.9791072727273,199.84134545454546,98.97976363636364,0.6329003636363636,C2
33.5,1593.677358974359,2023-09-26,33.73317948717949,-0.07171794871794872,242.78435897435898,26.42263846153846,1022.9938576923076,199.7836282051282,98.87728205128205,0.5981025641025641,C2
34,1591.6678571428572,2023-09-26,34.2356,-0.028057142857142864,236.672,26.376987142857143,1023.0097885714285,200.0623,98.94061428571429,0.6162217142857143,C2
34.5,1592.7894054054054,2023-09-26,34.73708108108108,0.016810810810810827,228.31324324324325,26.356177027027027,1023.0165135135135,200.40136486486486,99.07286486486487,0.6309272972972974,C2
35,1098.8698321167885,2023-09-26,35.28028467153285,0.09367153284671538,253.1885401459854,26.460836496350364,1022.9878813868613,199.78798175182482,98.94117518248176,0.6166143065693431,C2
35.5,1613.7916666666667,2023-09-26,35.76135714285714,-0.028285714285714303,247.36238095238096,26.320714285714285,1023.0336023809524,200.62289285714286,99.12609523809525,0.6301240476190476,C2
36,2167.9743377483446,2023-09-26,36.26067549668874,-0.0860794701986755,202.44960264900664,26.19769536423841,1023.0733245033113,200.99260927152318,99.10799668874172,0.6779707284768212,C2
36.5,1715.952,2023-09-26,36.74121212121212,-0.15327272727272728,214.93969696969697,26.28481212121212,1023.0467924242424,201.0970606060606,99.29968181818182,0.6446884848484848,C2
37,1657.1833333333334,2023-09-26,37.24303333333333,-0.03993333333333324,197.10266666666666,26.265003333333333,1023.0569533333334,201.00351666666666,99.22251666666666,0.6426136666666666,C2
37.5,1611.1263999999999,2023-09-26,37.74863333333333,0.07673333333333333,197.07566666666668,26.263285,1023.057745,201.10776666666666,99.26965,0.6473746666666667,C2
38,1373.2618775510205,2023-09-26,38.314,0.07551020408163266,209.78224489795917,26.29544387755102,1023.0508959183674,200.85014285714286,99.19567346938776,0.6633024489795919,C2
38.5,1122.7665616438358,2023-09-26,38.713986301369864,0.08992465753424651,219.09794520547945,26.336005479452055,1023.0419606164384,200.34361986301369,99.01342465753424,0.6468957534246575,C2
39,1814.889725490196,2023-09-26,39.300372549019606,0.06168627450980392,189.55411764705883,26.14771274509804,1023.102337254902,201.18558823529412,99.1209411764706,0.7286498039215686,C2
39.5,2132.2207863247863,2023-09-26,39.64908547008547,-0.11642735042735042,176.06940170940172,26.080040170940173,1023.1245,202.07752564102563,99.4497905982906,0.7466260683760684,C2
40,1826.6239210526317,2023-09-26,40.247473684210526,-0.1680526315789474,182.89973684210526,26.131082894736842,1023.1112907894736,201.7392105263158,99.36619736842106,0.7235392105263158,C2
40.5,1653.76821875,2023-09-26,40.73553125,0.013812500000000064,187.4896875,26.1464203125,1023.1101234375,201.3650625,99.208125,0.6958559375,C2
41,1556.0630540540542,2023-09-26,41.23762162162162,0.1371621621621622,182.05594594594595,26.1181472972973,1023.1222054054055,201.3637837837838,99.1626081081081,0.7007224324324325,C2
41.5,1104.7228444444445,2023-09-26,41.82256296296296,0.11575555555555547,190.70222222222222,26.208443333333335,1023.0943133333334,200.8008074074074,99.03084814814815,0.7089944444444445,C2
42,1658.427777777778,2023-09-26,42.23777777777778,-0.05846666666666664,167.0151111111111,26.113063333333333,1023.1272677777778,201.7358111111111,99.33661111111111,0.7113544444444444,C2
42.5,2084.3174778761063,2023-09-26,42.80012389380531,-0.04869026548672564,154.96256637168142,25.99765132743363,1023.164481858407,202.37486725663717,99.46173008849557,0.7754543362831858,C2
43,1843.5632068965517,2023-09-26,43.24315517241379,-0.07324137931034477,155.05672413793104,26.024399137931034,1023.1576413793103,202.10121551724137,99.37071551724138,0.7635462068965517,C2
43.5,1597.5238163265306,2023-09-26,43.75787755102041,0.06446938775510197,161.70530612244897,26.03750612244898,1023.1557540816326,201.8763469387755,99.28151020408163,0.7400012244897959,C2
44,1148.415216783217,2023-09-26,44.341335664335666,0.06910489510489506,172.5890909090909,26.089481468531467,1023.1424541958042,202.04988461538463,99.45257342657342,0.751479020979021,C2
44.5,2122.2223557692305,2023-09-26,44.8183108974359,-0.28063782051282055,143.11961538461537,25.84974503205128,1023.2178540064102,203.39441826923078,99.71688782051282,0.7976423076923077,C2
45,2198.839632054176,2023-09-26,45.22515575620768,-0.14345372460496614,137.0615349887133,25.892570767494355,1023.2045678329571,203.39497629796838,99.78691422121896,0.7872980586907449,C2
45.5,2199.301575980392,2023-09-26,45.73857352941177,0.055409313725490204,134.38669117647058,25.90947242647059,1023.2024643382352,203.40734068627452,99.8219399509804,0.7740965441176471,C2
46,2201.547883449883,2023-09-26,46.25408624708625,0.22322843822843821,131.82526806526806,25.898142307692307,1023.206858974359,203.35939627039627,99.77864685314685,0.8020438461538462,C2
46.5,2121.712263681592,2023-09-26,46.68539303482587,0.1006218905472637,129.79885572139304,25.67176393034826,1023.283289800995,204.1682686567164,99.80369900497513,0.8413423880597015,C2
47,1256.1395916666668,2023-09-26,47.321175,-0.0425833333333334,152.35375,25.882522916666666,1023.2184379166666,203.34131666666667,99.74464583333334,0.8100116666666667,C2
47.5,1223.6178977272727,2023-09-26,47.652204545454545,0.03137500000000004,146.2368181818182,25.866967045454544,1023.2271670454545,203.38463068181818,99.7422215909091,0.7820927272727273,C2
48,1528.958342857143,2023-09-26,48.255657142857146,-0.11357142857142859,133.662,25.68919,1023.2844371428572,204.54434285714285,100.01597142857143,0.7857665714285714,C2
48.5,1040.5843227091634,2023-09-26,48.752075697211154,-0.09594422310756974,146.8507171314741,25.84343764940239,1023.2370314741036,203.564609561753,99.79134661354581,0.824131952191235,C2
49,1133.708672,2023-09-26,49.19332,0.05853599999999995,141.15832,25.7773216,1023.2580916,203.871196,99.830628,0.80304736,C2
49.5,1151.9768907563025,2023-09-26,49.766159663865544,0.23894117647058818,134.96109243697478,25.642311344537816,1023.3053487394958,204.03619327731093,99.6910756302521,0.806814537815126,C2
50,1307.071576923077,2023-09-26,50.282102564102566,0.10126923076923075,125.16153846153847,25.524872435897436,1023.3476141025641,204.72221794871794,99.8350641025641,0.8362444871794872,C2
50.5,1391.906011627907,2023-09-26,50.74488372093023,0.010337209302325545,122.9996511627907,25.496049418604652,1023.3596848837209,205.07296511627908,99.9592034883721,0.896116511627907,C2
51,1655.7108208955221,2023-09-26,51.23783582089552,-0.1400298507462687,118.39235820895523,25.410883582089554,1023.3911559701493,205.58332835820895,100.0689776119403,0.9070020895522388,C2
51.5,1634.2936046511627,2023-09-26,51.7446976744186,-0.18716279069767444,113.58806976744187,25.413432558139533,1023.3918639534884,205.7233488372093,100.1406511627907,0.899653023255814,C2
52,1557.8159722222222,2023-09-26,52.244305555555556,-0.11708333333333329,110.76955555555556,25.4166125,1023.3936513888889,205.60305555555556,100.08809722222222,0.8506302777777778,C2
52.5,1515.61978125,2023-09-26,52.74271875,-0.06556250000000005,109.4105,25.414340625,1023.396646875,205.31884374999998,99.9463125,0.86778875,C2
53,1536.5202121212121,2023-09-26,53.25263636363636,-0.09215151515151516,109.36760606060606,25.39924090909091,1023.404453030303,205.44242424242424,99.9824696969697,0.8537021212121212,C2
53.5,1487.1307586206897,2023-09-26,53.75475862068966,-0.02082758620689658,110.3186551724138,25.379372413793103,1023.4144844827586,205.88656896551726,100.16708620689656,0.8474168965517241,C2
54,1426.4924242424242,2023-09-26,54.25172727272727,0.05551515151515158,107.35260606060606,25.357001515151516,1023.4249484848485,206.16287878787878,100.26539393939395,0.850260303030303,C2
54.5,1349.7958250000001,2023-09-26,54.762075,0.10830000000000005,101.268875,25.327635,1023.43802125,206.1321125,100.2032125,0.890385,C2
55,1369.5537368421053,2023-09-26,55.24944736842105,0.014026315789473694,98.40684210526315,25.30750394736842,1023.4461789473685,206.42753947368422,100.31326315789474,0.8841334210526316,C2
55.5,1403.890625,2023-09-26,55.7433125,0.007374999999999951,99.60528125,25.302453125,1023.4489874999999,206.57274999999998,100.37465625,0.860461875,C2
56,1530.5157931034482,2023-09-26,56.23562068965517,-0.04558620689655175,93.77803448275861,25.29088448275862,1023.4543275862069,206.78994827586206,100.4605,0.8567641379310345,C2
56.5,1613.8419655172415,2023-09-26,56.748586206896555,-0.044448275862068995,87.91989655172414,25.272881034482758,1023.4613310344828,207.06843103448276,100.56491379310344,0.8889727586206897,C2
57,1696.9181034482758,2023-09-26,57.258896551724135,-0.06562068965517243,83.88765517241379,25.25298620689655,1023.471724137931,207.43856896551725,100.71306896551724,0.8946565517241379,C2
57.5,1738.2269999999999,2023-09-26,57.75165517241379,-0.09131034482758622,82.07906896551724,25.23536379310345,1023.4818862068965,207.6106551724138,100.76936206896552,0.9066572413793104,C2
58,1689.7634516129033,2023-09-26,58.24709677419355,-0.04167741935483873,81.27196774193548,25.221375806451615,1023.491085483871,207.81662903225808,100.84804838709677,0.9465954838709677,C2
58.5,1696.2442413793103,2023-09-26,58.751862068965515,-0.08648275862068974,78.57993103448275,25.213744827586208,1023.4959879310345,208.0248275862069,100.93643103448277,0.9402624137931034,C2
59,1635.4315357142857,2023-09-26,59.25653571428571,-0.032964285714285696,76.25532142857143,25.20754642857143,1023.5002910714286,207.85975,100.84589285714286,0.8924642857142857,C2
59.5,1549.6949642857144,2023-09-26,59.758,0.056892857142857106,74.91692857142857,25.207792857142856,1023.5018035714286,207.71998214285713,100.77778571428571,0.8844835714285714,C2
60,1549.7752857142857,2023-09-26,60.254,-0.006321428571428541,73.42507142857143,25.191960714285713,1023.5100821428572,208.07485714285716,100.92421428571429,0.8860539285714285,C2
60.5,1464.3720357142856,2023-09-26,60.74332142857143,0.06128571428571442,74.01807142857143,25.18491607142857,1023.5146964285715,208.19921428571428,100.97298214285715,0.8836989285714285,C2
61,1489.6565862068965,2023-09-26,61.24637931034483,-0.02520689655172414,72.89641379310345,25.14793448275862,1023.5310689655172,208.6495172413793,101.13153448275862,0.8827834482758621,C2
61.5,1507.5163928571428,2023-09-26,61.762214285714286,-0.06617857142857142,70.92675,25.10402142857143,1023.5498625,208.86305357142857,101.163625,0.8810828571428572,C2
62,1473.575,2023-09-26,62.25448,0.005759999999999898,69.66256,25.07477,1023.564218,208.64686,101.01208,0.874432,C2
62.5,1493.65275,2023-09-26,62.73025,0.012791666666666627,67.22820833333334,25.042849999999998,1023.579225,208.69547916666667,100.98439583333334,0.8666054166666667,C2
63,1543.4618333333333,2023-09-26,63.22445833333333,-0.005250000000000013,64.41258333333333,24.994704166666665,1023.5992958333334,209.26439583333334,101.18145833333334,0.8688941666666666,C2
63.5,1547.362153846154,2023-09-26,63.74773076923077,0.056461538461538494,62.04469230769231,24.921653846153845,1023.6309326923077,209.7181346153846,101.28401923076923,0.878275,C2
64,1619.045304347826,2023-09-26,64.24869565217391,0.012999999999999933,59.261,24.872084782608695,1023.6478347826087,210.06502173913043,101.36745652173913,0.8875613043478261,C2
64.5,1638.8701923076924,2023-09-26,64.74553846153846,0.038884615384615254,57.62842307692308,24.84735,1023.6577788461539,210.19369230769232,101.38782692307693,0.8891230769230769,C2
65,1730.110576923077,2023-09-26,65.24530769230769,-0.035076923076923144,55.72873076923077,24.829723076923077,1023.662673076923,210.34796153846153,101.43007692307692,0.9018038461538461,C2
65.5,1762.4330357142858,2023-09-26,65.75335714285714,-0.020000000000000052,54.15525,24.804323214285713,1023.6699392857142,210.4173392857143,101.41808928571429,0.8932492857142857,C2
66,1735.8318965517242,2023-09-26,66.26113793103448,0.06313793103448281,52.90596551724138,24.761206896551723,1023.6905637931035,210.50953448275862,101.39396551724138,0.9029927586206896,C2
66.5,1789.9514,2023-09-26,66.75353333333334,-3.6666666666678913e-4,51.312266666666666,24.731213333333333,1023.7011083333333,210.47731666666667,101.32693333333333,0.9266183333333333,C2
67,1789.512606060606,2023-09-26,67.24609090909091,-0.006121212121211992,50.92818181818182,24.68544090909091,1023.7196378787879,210.71030303030304,101.36369696969697,0.9422854545454545,C2
67.5,1776.76303125,2023-09-26,67.7664375,0.021656250000000068,50.17121875,24.62506875,1023.743728125,210.92465625,101.367421875,0.9345228125,C2
68,1763.2715161290323,2023-09-26,68.26232258064516,0.050838709677419304,48.81448387096774,24.59210322580645,1023.7596822580645,211.0277741935484,101.36398387096774,0.9196490322580645,C2
68.5,1730.462,2023-09-26,68.76032352941176,0.0660588235294118,47.61694117647059,24.578151470588235,1023.7683161764705,211.31669117647058,101.4807205882353,0.93148,C2
69,1752.1590909090908,2023-09-26,69.23627272727273,-0.03675757575757585,46.172363636363634,24.564337878787878,1023.7736909090909,211.31607575757576,101.45562121212122,0.9439445454545454,C2
69.5,1641.8714285714286,2023-09-26,69.73665714285714,0.06977142857142841,46.18597142857143,24.576202857142857,1023.7725214285714,210.99514285714287,101.32188571428571,0.9322885714285714,C2
70,1660.4926470588234,2023-09-26,70.26811764705883,0.035529411764705886,44.62285294117647,24.559655882352942,1023.7790294117647,210.84598529411764,101.22154411764706,0.9821185294117647,C2
70.5,1609.1186666666667,2023-09-26,70.7630909090909,0.10775757575757575,43.85845454545455,24.54214090909091,1023.7874484848485,210.76480303030303,101.15401515151515,0.9437221212121212,C2
71,1656.3900555555556,2023-09-26,71.24925,0.06400000000000008,42.297333333333334,24.47205138888889,1023.8138041666667,210.864125,101.08515277777778,0.9538061111111111,C2
71.5,1691.0721707317073,2023-09-26,71.73865853658536,0.08390243902439024,40.85746341463415,24.40106463414634,1023.8405695121951,210.63498780487805,100.85763414634147,0.9589917073170732,C2
72,1862.012625,2023-09-26,72.28883928571429,0.06930357142857149,38.036160714285714,24.320673214285716,1023.87288125,210.6454642857143,100.73064285714285,1.0228948214285714,C2
72.5,1960.8587662337661,2023-09-26,72.72,-0.0962077922077922,36.562,24.31747142857143,1023.8744506493507,210.97185064935064,100.87994805194805,1.0637431168831168,C2
73,1858.809975609756,2023-09-26,73.24648780487804,-0.10368292682926819,36.72736585365853,24.306791463414633,1023.8796670731707,210.94001219512197,100.84628048780488,0.9809778048780488,C2
73.5,1802.9221578947368,2023-09-26,73.73002631578947,-0.033263157894736876,36.137815789473684,24.290031578947367,1023.8874815789474,210.99851315789473,100.84638157894737,0.9486215789473684,C2
74,2091.0723296703295,2023-09-26,74.34035714285714,-0.14912637362637363,32.84114835164835,24.11594423076923,1023.9509887362638,211.03028571428572,100.57290384615385,1.077647967032967,C2
74.5,2122.110868686869,2023-09-26,74.79914343434343,-0.027541414141414127,32.01636161616162,24.069758080808082,1023.9690710101011,211.18223838383838,100.56863939393939,1.0744012727272727,C2
75,2118.2983390557943,2023-09-26,75.21806294706724,0.04701716738197419,31.237798283261803,24.04008826895565,1023.9809027896996,211.0318469241774,100.44749928469241,1.1209191416309012,C2
75.5,2056.080276836158,2023-09-26,75.73722033898305,0.02934463276836159,31.254203389830508,23.9871895480226,1024.0020677966102,211.1988813559322,100.43964971751413,1.1030184745762712,C2
76,2038.1589537572254,2023-09-26,76.32805780346821,-0.022156069364161857,30.224728323699424,23.999534971098267,1023.9999421965318,211.00566184971098,100.36793641618497,1.113618323699422,C2
76.5,2005.6444476190475,2023-09-26,76.68209523809524,0.0315333333333333,29.823104761904762,24.015195714285714,1023.9961133333334,211.14043333333333,100.45811428571429,1.1023874285714286,C2
77,2042.885982142857,2023-09-26,77.23124107142857,0.01965178571428571,28.79496875,23.977894642857144,1024.0108232142857,211.14246651785714,100.396640625,1.1334245535714285,C2
77.5,2002.7465616438355,2023-09-26,77.76822602739726,0.013623287671232867,28.079116438356166,23.98401712328767,1024.0113691780823,211.04674657534247,100.36170547945206,1.1456174657534246,C2
78,2013.4895863636364,2023-09-26,78.2527409090909,0.008818181818181793,27.396672727272726,23.97184340909091,1024.0173695454546,210.9512409090909,100.2957840909091,1.1958061363636363,C2
78.5,1909.1371527777778,2023-09-26,78.74344444444445,0.017444444444444502,27.68059722222222,24.003822222222222,1024.008504861111,211.12824305555557,100.43321527777778,1.1362480555555556,C2
79,1917.219791208791,2023-09-26,79.2457032967033,-0.01900000000000005,26.509967032967033,23.932897802197804,1024.0375373626373,210.66803296703296,100.09894505494505,1.167654945054945,C2
79.5,1792.7746666666667,2023-09-26,79.7477037037037,-0.02790740740740739,26.659055555555558,23.95275925925926,1024.032712037037,211.08626851851852,100.33062962962963,1.1385188888888889,C2
80,1697.8507906976745,2023-09-26,80.25358139534885,0.02634883720930232,26.413162790697672,23.946433720930234,1024.037569767442,211.19782558139534,100.3733953488372,1.076330465116279,C2
80.5,1688.6200238095237,2023-09-26,80.75154761904761,0.01640476190476193,25.66052380952381,23.924614285714284,1024.047530952381,210.94963095238094,100.21927380952381,1.0718621428571429,C2
81,1643.3074222222222,2023-09-26,81.24637777777778,0.06517777777777778,25.409377777777777,23.904141111111112,1024.0583044444445,210.80503333333334,100.11798888888889,1.1116795555555556,C2
81.5,1655.690469387755,2023-09-26,81.74895918367346,0.029367346938775525,24.87157142857143,23.885294897959184,1024.0661408163264,210.98389795918368,100.17082653061225,1.168045306122449,C2
82,1682.3661276595744,2023-09-26,82.2331914893617,-0.07714893617021283,24.210702127659573,23.876355319148935,1024.0710755319149,211.01521276595744,100.17062765957446,1.150573404255319,C2
82.5,1616.065625,2023-09-26,82.729425,-0.05494999999999993,23.96195,23.87715875,1024.07288,210.639875,99.9937875,1.129301,C2
83,1682.147,2023-09-26,83.25319444444445,-0.14758333333333334,22.935388888888887,23.860670833333334,1024.0803416666668,210.30388888888888,99.8067638888889,1.1417447222222221,C2
83.5,1627.1494137931033,2023-09-26,83.75631034482758,-0.06017241379310338,22.60193103448276,23.85958448275862,1024.0832775862068,210.53962068965518,99.91729310344827,1.0899362068965517,C2
84,1675.7389,2023-09-26,84.2531,-0.1139333333333333,21.610033333333334,23.844435,1024.090505,210.77033333333333,100.00141666666667,1.077048,C2
84.5,1696.6474230769231,2023-09-26,84.74869230769231,-0.1218461538461538,20.772,23.831780769230768,1024.0980769230769,210.88771153846153,100.03692307692307,1.055505,C2
85,1656.568923076923,2023-09-26,85.23492307692308,-0.001807692307692322,20.357769230769232,23.83320576923077,1024.0997442307691,210.87078846153847,100.03126923076923,1.06368,C2
85.5,1709.25,2023-09-26,85.745,-0.02751851851851855,19.49114814814815,23.8164,1024.1076333333333,210.42064814814816,99.78999999999999,1.1031111111111112,C2
86,1721.1413571428573,2023-09-26,86.25589285714285,-4.2857142857150824e-4,18.964928571428572,23.8012375,1024.1164607142857,209.96998214285713,99.5525,1.1563435714285715,C2
86.5,1746.6203703703704,2023-09-26,86.740222222222215,-0.04555555555555562,18.428074074074075,23.789372222222223,1024.1222296296296,210.00424074074076,99.54894444444444,1.1307892592592592,C2
87,1719.0887096774195,2023-09-26,87.22725806451614,-0.04112903225806461,18.14258064516129,23.787827419354837,1024.1252580645162,210.46033870967742,99.76270967741935,1.2118564516129031,C2
87.5,1731.2169655172413,2023-09-26,87.75651724137931,-0.1436206896551724,17.642275862068967,23.78127931034483,1024.129472413793,210.61736206896552,99.82606896551724,1.2679048275862068,C2
88,1638.76668,2023-09-26,88.25796,-0.012719999999999967,17.66412,23.784956,1024.131012,210.60386,99.8262,1.2276932,C2
88.5,1575.4567307692307,2023-09-26,88.75957692307692,0.06630769230769228,17.51223076923077,23.785996153846153,1024.13295,210.28032692307693,99.67478846153845,1.0788915384615385,C2
89,1515.49332,2023-09-26,89.26292,0.12932000000000002,17.29908,23.784838,1024.135508,210.04332,99.56056,1.08264,C2
89.5,1517.0524814814814,2023-09-26,89.74833333333333,0.05829629629629625,16.82596296296296,23.76935,1024.1437759259259,210.03722222222223,99.53281481481481,1.0781407407407408,C2
90,1426.5208214285715,2023-09-26,90.24267857142857,0.1608571428571429,16.763785714285714,23.766246428571428,1024.1472607142857,210.23475,99.62153571428571,1.0881714285714286,C2
90.5,1420.9059032258065,2023-09-26,90.73716129032258,0.10870967741935483,16.31558064516129,23.757864516129032,1024.1522483870967,210.19940322580646,99.59085483870967,1.1023225806451613,C2
91,1440.72396875,2023-09-26,91.2461875,0.048031250000000025,15.79684375,23.746146875,1024.1584,210.03478125,99.493359375,1.11149375,C2
91.5,1448.6436896551725,2023-09-26,91.73003448275863,0.037551724137931106,15.354448275862069,23.737860344827588,1024.163003448276,210.06803448275863,99.49510344827586,1.0997896551724138,C2
92,1506.6164117647058,2023-09-26,92.2525,-0.0052941176470587634,14.74020588235294,23.721098529411766,1024.1706044117648,209.9625,99.41716176470588,1.0629176470588235,C2
92.5,1572.8333571428573,2023-09-26,92.77589285714286,-0.037999999999999944,14.161035714285715,23.70120892857143,1024.1802303571428,209.85241071428572,99.33264285714286,1.1276910714285715,C2
93,1588.9884827586206,2023-09-26,93.2683448275862,0.006413793103448251,13.783241379310345,23.695931034482758,1024.1841275862068,209.8235172413793,99.31024137931034,1.0875355172413792,C2
93.5,1671.5416666666667,2023-09-26,93.7758,-0.030466666666666607,13.170266666666667,23.683111666666665,1024.1898449999999,209.78725,99.27115,1.0890106666666666,C2
94,1683.1707096774194,2023-09-26,94.28029032258064,0.03822580645161292,12.77216129032258,23.676401612903227,1024.1942870967741,209.90993548387098,99.31814516129032,1.164008064516129,C2
94.5,1760.6215277777778,2023-09-26,94.77261111111112,-0.009194444444444505,12.122666666666667,23.648719444444446,1024.206938888889,209.8238611111111,99.23258333333334,1.2522330555555556,C2
95,1794.786027027027,2023-09-26,95.25394594594594,-0.050081081081081016,11.660675675675677,23.63758243243243,1024.2114743243244,209.8077027027027,99.20528378378378,1.3108583783783785,C2
95.5,1780.7104615384615,2023-09-26,95.73307692307692,-0.09869230769230758,11.43948717948718,23.626573076923076,1024.2179358974358,209.6483076923077,99.11251282051282,1.3089094871794873,C2
96,1745.8884516129033,2023-09-26,96.24045161290323,-0.10945161290322586,11.280516129032257,23.617598387096773,1024.222698387097,209.58174193548388,99.06570967741935,1.1848048387096775,C2
96.5,1702.1666666666667,2023-09-26,96.72574074074075,-0.03596296296296297,11.13111111111111,23.606727777777778,1024.228824074074,209.92533333333333,99.21037037037037,1.1017518518518519,C2
97,1655.6379310344828,2023-09-26,97.2316551724138,0.09024137931034479,10.962868965517242,23.593825862068964,1024.234527586207,209.76955172413793,99.11470689655172,1.1412137931034483,C2
97.5,1689.9094827586207,2023-09-26,97.75403448275863,0.07541379310344833,10.552375862068965,23.571579310344827,1024.2437655172414,209.1571379310345,98.78827586206897,1.1227793103448276,C2
98,1651.9424117647059,2023-09-26,98.26214705882353,0.1870882352941177,10.358514705882353,23.554720588235295,1024.252013235294,209.12648529411766,98.74620588235294,1.1413529411764707,C2
98.5,1733.86875,2023-09-26,98.771325,0.13497499999999998,9.8777275,23.53131125,1024.26283,209.432075,98.85243750000001,1.26877,C2
99,1872.3705599999998,2023-09-26,99.29306666666666,0.027080000000000003,9.246038666666667,23.520638666666667,1024.268442,209.07214,98.66466666666666,1.4706266666666667,C2
99.5,1948.0161500000002,2023-09-26,99.7861,-0.15582500000000002,8.769308333333333,23.477479375,1024.2852935416668,208.75034583333334,98.44196666666667,1.3441704166666666,C2
100,1963.3339748549324,2023-09-26,100.23454352030947,-0.06279883945841393,8.529183172147002,23.459966247582205,1024.2921947775628,208.54596905222436,98.31607059961316,1.3805562862669245,C2
100.5,1972.4234448924733,2023-09-26,100.74723387096775,0.04481048387096771,8.305279301075268,23.44949448924731,1024.2975742607528,208.41476680107527,98.23699596774193,1.4303278225806453,C2
101,1949.8154573643412,2023-09-26,101.11248320413436,0.1054341085271318,8.207527390180879,23.41762984496124,1024.311064857881,208.32315245478037,98.14257364341086,1.6989565891472869,C2
101.5,1876.1817602040817,2023-09-26,101.75944897959184,0.0017091836734694004,8.07862806122449,23.234548214285713,1024.3762744897958,206.86146428571428,97.15619387755102,1.6212127551020408,C2
102,1877.330078125,2023-09-26,102.20094791666666,-0.027671874999999978,7.82205625,23.142330989583332,1024.4126033854166,206.72057291666667,96.942828125,1.5604598958333333,C2
102.5,1851.2171985815603,2023-09-26,102.76827659574468,-0.10859574468085105,7.654027659574468,23.102499645390072,1024.4295932624113,206.450914893617,96.75273404255319,1.475281560283688,C2
103,1881.147515151515,2023-09-26,103.26053030303031,-0.03863131313131313,7.389043434343434,23.083216666666665,1024.4381792929294,206.2429292929293,96.62375505050505,1.5170575757575757,C2
103.5,1806.2805555555556,2023-09-26,103.74267777777777,-0.02358888888888893,7.351897777777778,23.075303333333334,1024.4437866666667,206.03165555555555,96.51303888888889,1.330731111111111,C2
104,1874.047435897436,2023-09-26,104.2068717948718,-0.029143589743589736,6.990373333333333,23.043077948717947,1024.4575076923077,205.83043076923076,96.36685384615384,1.529219487179487,C2
104.5,1804.8177125,2023-09-26,104.735075,0.001175000000000017,6.9674949999999995,23.033634375,1024.46278625,206.14734375,96.4999,1.34432625,C2
105,1859.9969740932643,2023-09-26,105.27272538860103,0.03607772020725387,6.6565217616580314,23.022635751295336,1024.4692409326424,205.8352823834197,96.33615544041452,1.5469077720207254,C2
105.5,1822.493896551724,2023-09-26,105.78185344827587,0.11041379310344826,6.533468103448276,23.03764870689655,1024.4658137931035,206.10010775862068,96.4839525862069,1.4752439655172414,C2
106,1848.3662663755458,2023-09-26,106.23341484716157,0.040764192139738004,6.302359388646288,23.011334716157204,1024.4773762008733,205.62886244541485,96.22140829694324,1.6971978165938864,C2
106.5,1812.3466390532544,2023-09-26,106.83494082840237,0.0017514792899408671,6.166211834319527,23.008752958579883,1024.4807550295857,205.77311834319528,96.2846449704142,1.6700934911242604,C2
107,1814.5033118811882,2023-09-26,107.28414851485148,0.01989603960396039,6.017135643564356,23.003913366336633,1024.4839561881188,205.61490594059407,96.20248267326733,1.7376618811881188,C2
107.5,1791.5185796178343,2023-09-26,107.65355414012738,0.03893630573248411,5.88815923566879,23.001849044585988,1024.486264968153,205.71020382165605,96.24376114649681,1.8322229299363058,C2
108,1809.0029744897959,2023-09-26,108.21875,-0.003020408163265325,5.680439285714286,22.97469107142857,1024.4966272959184,205.16911479591838,95.94592857142857,1.8119153061224489,C2
108.5,1760.5447603305784,2023-09-26,108.71870247933884,-0.017719008264462797,5.60380826446281,22.87755909090909,1024.5330161157024,204.53288842975206,95.49355785123967,1.8872024793388429,C2
109,1736.6566091954023,2023-09-26,109.22683908045977,-0.05935632183908046,5.468275862068966,22.90060287356322,1024.5277890804598,205.21027011494252,95.84713218390804,1.789567816091954,C2
109.5,1668.8557692307693,2023-09-26,109.73721153846154,-0.12301923076923071,5.441642307692308,22.929115384615386,1024.52075,204.92079807692306,95.75836538461539,1.852776923076923,C2
110,1599.234657894737,2023-09-26,110.24681578947369,-0.09326315789473684,5.371534210526316,22.923080263157896,1024.5252118421051,204.80402631578949,95.69447368421052,1.5702736842105263,C2
110.5,1576.16925,2023-09-26,110.75959375,-0.04790624999999993,5.2274062500000005,22.91025,1024.53101875,205.072296875,95.798390625,1.6136625,C2
111,1566.8400645161291,2023-09-26,111.25387096774193,0.007935483870967763,5.09088064516129,22.89796129032258,1024.5367322580646,204.90719354838708,95.70108064516128,1.5308935483870967,C2
111.5,1566.4690967741935,2023-09-26,111.75274193548387,0.08464516129032261,4.949258064516129,22.888014516129033,1024.5410338709678,204.3301935483871,95.41482258064516,1.5875,C2
112,1621.475,2023-09-26,112.24794285714286,0.06722857142857148,4.747388571428571,22.843184285714287,1024.5577185714285,204.09945714285715,95.23488571428571,1.6774457142857142,C2
112.5,1669.675163265306,2023-09-26,112.73828571428571,-0.011142857142857157,4.5848571428571425,22.779338775510205,1024.582543877551,205.09842857142857,95.5985,1.9575367346938775,C2
113,1674.251804347826,2023-09-26,113.24406521739131,-0.1239565217391304,4.454223913043478,22.828946739130433,1024.569179347826,204.85097826086957,95.56392391304348,1.9210804347826087,C2
113.5,1588.7990294117646,2023-09-26,113.7704705882353,-0.050441176470588274,4.4036,22.84293382352941,1024.5642176470587,203.83764705882353,95.11229411764705,1.8469029411764706,C2
114,1580.5361,2023-09-26,114.258,-0.10636666666666666,4.2741066666666665,22.81664,1024.572345,202.6759,94.52688333333333,1.6280766666666666,C2
114.5,1516.2600689655173,2023-09-26,114.7578275862069,0.009793103448275902,4.220106896551724,22.77008448275862,1024.5911034482758,202.48194827586207,94.36420689655172,1.4813827586206896,C2
115,1476.0357142857142,2023-09-26,115.25996428571429,0.09039285714285719,4.147057142857143,22.734476785714286,1024.6013089285714,202.6521607142857,94.38448214285714,1.4826,C2
115.5,1475.950892857143,2023-09-26,115.75346428571429,0.08642857142857144,4.030057142857142,22.680244642857144,1024.6267446428571,202.77307142857143,94.35930357142857,1.5111214285714285,C2
116,1447.6472333333334,2023-09-26,116.23876666666666,0.15199999999999997,3.953876666666667,22.67201,1024.6299366666667,203.04195,94.4701,1.5235733333333334,C2
116.5,1483.5,2023-09-26,116.75663636363636,0.12199999999999997,3.8125969696969695,22.626912121212122,1024.6483045454545,202.8574393939394,94.31333333333333,1.544121212121212,C2
117,1535.0601666666666,2023-09-26,117.25838888888889,0.10744444444444445,3.66185,22.57967222222222,1024.6654222222223,202.46630555555555,94.055625,1.6205805555555555,C2
117.5,1620.16168,2023-09-26,117.7477,0.040420000000000074,3.474188,22.513688,1024.68831,202.06795,93.76394,1.845644,C2
118,1645.8333278688524,2023-09-26,118.22790163934427,-0.07163934426229514,3.331304918032787,22.489996721311474,1024.6976147540984,201.7413606557377,93.57383606557377,1.9504573770491802,C2
118.5,1582.5096976744187,2023-09-26,118.76523255813953,-0.009837209302325565,3.2899813953488373,22.52175348837209,1024.690418604651,202.0806627906977,93.78291860465116,1.7205093023255813,C2
119,1581.888558139535,2023-09-26,119.2570465116279,-0.035581395348837155,3.2021581395348835,22.518967441860465,1024.6934139534883,201.91090697674417,93.70009302325582,1.6492023255813952,C2
119.5,1766.1819029126211,2023-09-26,119.8300647249191,-0.22641100323624597,2.9187893203883495,22.358818122977347,1024.7430724919093,200.61556148867314,92.83836569579287,1.7487773462783172,C2
120,1779.242279552716,2023-09-26,120.28191533546325,-0.11590894568690097,2.8341277955271567,22.302337779552715,1024.760708626198,200.07486661341852,92.4971198083067,1.6395571884984026,C2
120.5,1774.0430313390311,2023-09-26,120.73622792022792,0.05256980056980057,2.7697314814814815,22.27379309116809,1024.769512037037,199.72758190883192,92.2898254985755,1.6719378917378918,C2
121,1773.1561771561771,2023-09-26,121.21410722610723,0.21968531468531466,2.689338694638695,22.31447261072261,1024.7611611888112,200.1754289044289,92.56280186480187,1.7139799533799533,C2
121.5,1680.2558823529412,2023-09-26,121.65001176470588,0.14875294117647062,2.6874270588235296,22.269409411764705,1024.7729417647058,199.74924117647058,92.29368823529411,1.7268235294117646,C2
122,1594.349537037037,2023-09-26,122.24831481481482,-0.03975925925925931,2.6716148148148147,22.195475925925926,1024.7976231481482,199.40155555555555,92.01751851851851,1.6724314814814816,C2
122.5,1577.9731555555554,2023-09-26,122.76655555555556,0.017088888888888834,2.619151111111111,22.17700222222222,1024.8038822222222,199.4667777777778,92.01714444444444,1.5840444444444444,C2
123,1594.8454727272726,2023-09-26,123.26914545454545,0.03632727272727266,2.5369745454545454,22.122273636363637,1024.8242618181819,199.40298181818181,91.90048181818182,1.6876454545454544,C2
123.5,1608.0908360655737,2023-09-26,123.74119672131148,-0.022622950819672156,2.4537819672131147,22.1057,1024.830018852459,199.03911475409836,91.7045,1.5759377049180328,C2
124,1586.5094339622642,2023-09-26,124.25028301886792,-0.010320754716981158,2.3956735849056603,22.12283962264151,1024.8277216981132,199.1413679245283,91.77868867924528,1.5437830188679245,C2
124.5,1701.3028968386022,2023-09-26,124.81234276206322,-0.05263061564059899,2.2437356073211316,22.043946422628952,1024.847990765391,197.94114226289517,91.09443760399334,1.6489607321131448,C2
125,1694.146204477612,2023-09-26,125.21045223880597,0.03711641791044776,2.2047555223880595,22.025182835820896,1024.8545657462687,197.8744537313433,91.03385746268657,1.6640037313432836,C2
125.5,1672.3111381578947,2023-09-26,125.65850986842105,0.03678947368421052,2.1722003289473686,21.954661677631577,1024.873809375,197.23718914473685,90.62797039473685,1.6564490131578948,C2
126,1630.015679775281,2023-09-26,126.3350393258427,-0.02996067415730338,2.110176404494382,21.770689606741573,1024.9226011235955,195.97472471910112,89.75370505617977,1.613652808988764,C2
126.5,1608.1572631578947,2023-09-26,126.65288721804511,0.035037593984962395,2.083315037593985,21.739486090225565,1024.9326078947367,196.16825563909774,89.79365037593985,1.4932654135338346,C2
127,1613.6557647058823,2023-09-26,127.3077385620915,0.019549019607843124,2.0024529411764704,21.75440751633987,1024.9302709150327,196.26294117647058,89.85912091503268,1.6670235294117648,C2
127.5,1607.332159090909,2023-09-26,127.70433522727272,0.001795454545454543,1.9677727272727272,21.70316875,1024.943927840909,195.79457386363637,89.5623409090909,1.6844363636363637,C2
128,1607.861829015544,2023-09-26,128.2561865284974,-0.012958549222797926,1.894499481865285,21.730307772020726,1024.9411720207254,195.84232901554404,89.62796373056995,1.6462979274611398,C2
128.5,1523.030172413793,2023-09-26,128.73296551724138,-0.04839655172413792,1.8851310344827585,21.839378448275863,1024.9168586206897,196.7925172413793,90.23912068965517,1.518506896551724,C2
129,1476.5187142857142,2023-09-26,129.22936734693877,-0.027142857142857163,1.8615632653061225,21.83497755102041,1024.9173663265306,195.97992857142856,89.85824489795918,1.3719857142857144,C2
129.5,1443.8373902439025,2023-09-26,129.73746341463414,0.028902439024390245,1.8236853658536585,21.828980487804877,1024.921443902439,194.70313414634145,89.26534146341464,1.3884560975609757,C2
130,1461.4960476190477,2023-09-26,130.23595238095237,0.017547619047619093,1.7717904761904761,21.692336904761905,1024.9447166666666,194.5674880952381,88.97784523809524,1.399354761904762,C2
130.5,1467.4086808510638,2023-09-26,130.73082978723403,0.06119148936170213,1.7221744680851063,21.59228829787234,1024.9856914893617,194.962585106383,89.01064893617021,1.4429106382978723,C2
131,1520.1080869565217,2023-09-26,131.25691304347825,-0.04785507246376809,1.6474927536231885,21.593674637681158,1024.9861217391303,195.614884057971,89.30642028985507,1.37028115942029,C2
131.5,1486.038043478261,2023-09-26,131.75521739130434,-0.11739130434782608,1.6151565217391304,21.68378804347826,1024.9686086956522,195.56907608695653,89.43133695652173,1.4170304347826086,C2
132,1439.1642857142858,2023-09-26,132.25077142857143,-0.06628571428571427,1.5906,21.71936857142857,1024.9600385714286,195.5538,89.48021428571428,1.3438,C2
132.5,1422.6940571428572,2023-09-26,132.74737142857143,-0.08694285714285716,1.5529714285714287,21.675819999999998,1024.97287,195.70692857142856,89.48085714285715,1.2551628571428572,C2
133,1406.3708333333334,2023-09-26,133.2675,-0.08806666666666656,1.5191633333333334,21.65647166666667,1024.9805316666666,195.75861666666668,89.47445,1.2022066666666666,C2
133.5,1420.0989583333333,2023-09-26,133.75445833333333,-0.15516666666666676,1.4730416666666668,21.61825625,1024.990375,195.31995833333335,89.21183333333333,1.1538375,C2
134,1383.63332,2023-09-26,134.23252,-0.021320000000000172,1.45072,21.619722,1024.991396,195.26108,89.18722,1.117504,C2
134.5,1361.26668,2023-09-26,134.73236,0.08448000000000003,1.417228,21.598302,1025.00202,195.02298,89.04682,1.104036,C2
135,1392.8141153846154,2023-09-26,135.24146153846155,0.0029230769230768746,1.3664153846153846,21.5549,1025.0026346153845,194.21898076923077,88.60178846153846,1.077073076923077,C2
135.5,1360.2978518518519,2023-09-26,135.74233333333333,0.12381481481481493,1.3409777777777778,21.515796296296298,1025.0175018518519,194.0887962962963,88.48438888888889,1.0712266666666668,C2
136,1369.7588928571429,2023-09-26,136.245,0.0963214285714286,1.308042857142857,21.46708214285714,1025.0301660714285,193.48675,88.13255357142857,1.0695964285714286,C2
136.5,1384.4375,2023-09-26,136.75409375,0.04740624999999993,1.267675,21.4025953125,1025.0432640625,192.885515625,87.754359375,1.0616990625,C2
137,1411.9973225806452,2023-09-26,137.2715806451613,-0.044516129032258114,1.2283322580645162,21.29393387096774,1025.0704790322582,192.0517258064516,87.20535483870968,1.0659374193548388,C2
137.5,1394.0040322580644,2023-09-26,137.76448387096775,-0.007967741935483996,1.2057193548387097,21.26883548387097,1025.0693338709677,191.7072741935484,87.00506451612904,1.0168912903225806,C2
138,1386.1444666666666,2023-09-26,138.25093333333334,1.000000000000334e-4,1.1770866666666666,21.212801666666667,1025.090365,191.3832,86.77651666666667,1.005862,C2
138.5,1393.6128709677419,2023-09-26,138.75693548387096,-0.02867741935483866,1.1458290322580644,21.10571129032258,1025.1096580645162,191.12248387096773,86.48545161290322,0.9554529032258064,C2
139,1377.648,2023-09-26,139.25824137931033,0.01817241379310349,1.1171448275862068,21.053751724137932,1025.1241189655173,191.48475862068966,86.56865517241378,0.9480831034482758,C2
139.5,1377.523,2023-09-26,139.74362068965516,0.014655172413793166,1.0911758620689656,20.992558620689653,1025.143525862069,191.55258620689656,86.50555172413793,0.9432886206896552,C2
140,1375.5846774193549,2023-09-26,140.24251612903225,0.008193548387096846,1.0662390322580646,20.976029032258065,1025.1511112903227,191.28441935483872,86.35912903225807,0.9286248387096774,C2
140.5,1357.9986451612904,2023-09-26,140.74929032258063,0.029129032258064583,1.0421074193548387,20.968254838709676,1025.157985483871,191.44980645161291,86.42293548387097,0.9571051612903225,C2
141,1385.2458333333334,2023-09-26,141.26316666666668,-0.09743333333333333,1.0071483333333333,20.887078333333335,1025.17291,191.06718333333333,86.11726666666667,0.894263,C2
141.5,1369.8942307692307,2023-09-26,141.7546923076923,-0.07150000000000008,0.9835215384615384,20.877065384615385,1025.178276923077,190.93423076923077,86.04240384615385,0.90927,C2
142,1379,2023-09-26,142.245,-0.09096296296296291,0.96126,20.82794814814815,1025.190448148148,190.2987777777778,85.67801851851851,0.8640607407407407,C2
142.5,1371.4270833333333,2023-09-26,142.758125,-0.016166666666666597,0.9392879166666667,20.770464583333332,1025.20571875,190.21645833333332,85.5500625,0.8333333333333334,C2
143,1371.34375,2023-09-26,143.23983333333334,0.05512499999999999,0.9162829166666667,20.74848125,1025.2104354166668,189.96922916666668,85.4024375,0.801435,C2
143.5,1358.878074074074,2023-09-26,143.7468888888889,0.17703703703703705,0.8972177777777778,20.72901111111111,1025.2180407407407,189.89453703703703,85.33851851851851,0.804232962962963,C2
144,1384.5180666666665,2023-09-26,144.26343333333332,0.1638666666666666,0.874041,20.619503333333334,1025.2371533333333,189.33286666666666,84.90888333333334,0.7721613333333334,C2
144.5,1437.5196944444444,2023-09-26,144.76269444444443,0.04591666666666656,0.8467397222222223,20.481404166666668,1025.2668236111112,188.3850138888889,84.26666666666667,0.7887666666666666,C2
145,1458.5386097560977,2023-09-26,145.2541463414634,-0.0410243902439025,0.8264546341463415,20.314586585365852,1025.3111036585367,188.00075609756098,83.83993902439025,0.7899580487804878,C2
145.5,1436.3600256410257,2023-09-26,145.75720512820513,-0.03751282051282056,0.8110020512820513,20.26889871794872,1025.3222448717947,188.26684615384616,83.88666666666667,0.7443407692307692,C2
146,1410.0159411764705,2023-09-26,146.26017647058825,0.025676470588235224,0.7958191176470588,20.277927941176472,1025.3226852941177,188.25636764705882,83.89567647058823,0.7192414705882353,C2
146.5,1425.1433823529412,2023-09-26,146.75661764705882,-0.005588235294117629,0.7792567647058823,20.25651323529412,1025.3293411764705,187.6851911764706,83.60705882352941,0.7136394117647059,C2
147,1424.7255,2023-09-26,147.24391176470587,0.00964705882352929,0.759660294117647,20.256679411764704,1025.3308279411765,187.18141176470587,83.38129411764706,0.762334705882353,C2
147.5,1425.1238648648648,2023-09-26,147.73575675675676,0.03745945945945937,0.7436908108108108,20.249525675675677,1025.335704054054,186.8762972972973,83.23437837837838,0.6851794594594595,C2
148,1434.0208333333333,2023-09-26,148.2602380952381,0.07392857142857137,0.7228121428571428,20.238109523809523,1025.3407547619047,186.78714285714287,83.17733333333334,0.69065,C2
148.5,1471.020847826087,2023-09-26,148.7654347826087,0.09006521739130438,0.6963430434782608,20.196271739130434,1025.3524119565218,186.7062391304348,83.0779347826087,0.6868134782608696,C2
149,1530.4688571428571,2023-09-26,149.24148351648353,-0.02469230769230771,0.6755252747252747,20.144131318681318,1025.364578021978,187.05342857142858,83.15125274725276,0.7322374725274725,C2
149.5,1540.9397384615386,2023-09-26,149.79060384615386,-0.1822153846153846,0.6548697692307692,20.059237884615385,1025.3876659615385,187.06638653846153,83.02828076923078,0.6601854615384616,C2
150,1561.5559916666668,2023-09-26,150.27788333333334,-0.06078541666666667,0.6420843958333333,20.072809375,1025.3849398958334,186.97980208333334,83.00924895833333,0.6750454583333333,C2
150.5,1555.0033039647578,2023-09-26,150.71640528634362,0.007079295154185019,0.6310659177679883,20.057986196769455,1025.390786930984,187.16579955947137,83.06946255506608,0.6825071218795888,C2
151,1543.7119064935066,2023-09-26,151.19686753246754,0.1520935064935065,0.6223751428571429,20.069072857142856,1025.3900488311688,187.09158701298702,83.0533116883117,0.6589978701298702,C2
151.5,1504.099460869565,2023-09-26,151.73812173913043,0.037260869565217396,0.612267652173913,19.981158260869567,1025.4183004347826,187.82099347826087,83.2467,0.6371397391304348,C2
152,1481.4858440366972,2023-09-26,152.17269724770642,0.055715596330275244,0.6032002752293578,19.966715596330275,1025.4249940366972,188.10956880733946,83.35375229357798,0.6737573394495413,C2
152.5,1487.4694918032787,2023-09-26,152.6222349726776,-0.04937704918032788,0.5894579781420765,19.939584972677597,1025.4327226775956,188.2088442622951,83.35573770491803,0.5886826775956284,C2
153,1376.845394736842,2023-09-26,153.24536842105263,0.11036842105263163,0.583685,20.002802631578948,1025.4212894736843,188.09830263157895,83.404,0.593696052631579,C2
153.5,1464.639390909091,2023-09-26,153.8514909090909,0.03799999999999999,0.5595995454545455,19.934705454545455,1025.439438181818,187.71890909090908,83.13142272727272,0.5889770909090909,C2
154,1431.2123015873017,2023-09-26,154.17207936507936,-0.20179365079365075,0.5546550793650793,20.014734126984127,1025.419115873016,188.18634126984128,83.45835714285714,0.6392807936507936,C2
154.5,1340.3888787878789,2023-09-26,154.73233333333334,-0.08603030303030296,0.54489,20.069833333333335,1025.4056878787878,187.84145454545455,83.38722727272727,0.6405812121212121,C2
155,1319.571,2023-09-26,155.2424814814815,-0.04796296296296308,0.5329759259259259,20.047346296296297,1025.413025925926,187.52355555555556,83.2117037037037,0.6100933333333334,C2
155.5,1304.412037037037,2023-09-26,155.74125925925927,0.01514814814814807,0.5257662962962963,20.026268518518517,1025.415425925926,187.33096296296296,83.09057407407407,0.5944914814814815,C2
156,1296.875,2023-09-26,156.24003846153846,0.07353846153846168,0.5108223076923076,19.932703846153846,1025.438403846154,187.56053846153847,83.0481923076923,0.570583076923077,C2
156.5,1289.3997037037036,2023-09-26,156.73155555555556,0.1623703703703704,0.5009355555555556,19.882614814814815,1025.4649277777778,187.53483333333332,82.96911111111112,0.5613892592592593,C2
157,1284.32290625,2023-09-26,157.23546875,0.24968750000000006,0.4895834375,19.8948921875,1025.4625359375,187.213671875,82.844828125,0.560896875,C2
157.5,1344.6230238095238,2023-09-26,157.7784761904762,0.16630952380952385,0.4728859523809524,19.826269047619046,1025.482488095238,187.26063095238095,82.76309523809523,0.5511952380952381,C2
158,1415.9672266666666,2023-09-26,158.25541333333334,-0.046386666666666625,0.4573009333333333,19.739268,1025.5058286666667,188.47758,83.16825333333334,0.5381192,C2
158.5,1367.3200212765958,2023-09-26,158.72453191489362,-0.1671914893617021,0.446418085106383,19.89448404255319,1025.473470212766,188.7663829787234,83.53475531914893,0.550932340425532,C2
159,1330.2095588235295,2023-09-26,159.2443823529412,-0.2199117647058823,0.4358370588235294,19.945926470588237,1025.4607191176472,188.1839411764706,83.3539705882353,0.5666882352941176,C2
159.5,1302.5895185185184,2023-09-26,159.7612962962963,-0.16848148148148162,0.42500037037037036,19.934396296296296,1025.4641,187.91222222222223,83.21505555555555,0.573327037037037,C2
160,1303.8133913043478,2023-09-26,160.26178260869565,-0.19778260869565212,0.41686391304347825,19.90594782608696,1025.4728065217391,187.87121739130436,83.153391304347835,0.5357547826086957,C2
160.5,1277.4943181818182,2023-09-26,160.74622727272728,-0.048681818181818375,0.4085759090909091,19.908679545454547,1025.475825,187.82518181818182,83.13813636363636,0.5284718181818182,C2
161,1295.3125,2023-09-26,161.25054545454546,-0.13004545454545446,0.3993459090909091,19.88013181818182,1025.4827,188.02111363636362,83.1796590909091,0.5186481818181818,C2
161.5,1285.0657894736842,2023-09-26,161.749,-0.03573684210526318,0.39005894736842106,19.86903947368421,1025.4860315789474,188.14076315789472,83.21463157894736,0.5116636842105263,C2
162,1286.0813333333333,2023-09-26,162.24542857142856,0.010333333333333337,0.38355,19.842290476190477,1025.4936547619047,188.27426190476191,83.23219047619048,0.5018319047619048,C2
162.5,1295.35625,2023-09-26,162.7581,0.022550000000000202,0.3764725,19.80831,1025.5057975,188.263325,83.177025,0.49505350000000004,C2
163,1276.0125,2023-09-26,163.2625,0.20029999999999998,0.368887,19.80965,1025.5123775,188.15425,83.1348,0.49176,C2
163.5,1312.9375,2023-09-26,163.78086363636365,0.09586363636363622,0.3616140909090909,19.747554545454545,1025.5262454545455,188.1121590909091,83.01959090909091,0.47769045454545456,C2
164,1312.8560454545454,2023-09-26,164.27904545454547,0.20027272727272727,0.35465636363636366,19.69263181818182,1025.5413409090909,188.22420454545454,82.98545454545454,0.47386045454545456,C2
164.5,1333.70668,2023-09-26,164.76764,0.20556000000000002,0.3479172,19.627998,1025.55711,188.41052,82.96786,0.476336,C2
165,1358.951388888889,2023-09-26,165.26569444444445,0.17880555555555555,0.34193388888888887,19.55231388888889,1025.574001388889,188.86354166666666,83.04861111111111,0.49124972222222224,C2
165.5,1397.34375,2023-09-26,165.73996153846153,-0.049576923076923046,0.3332519230769231,19.48575,1025.5925788461539,189.21760576923077,83.10269230769231,0.4589326923076923,C2
166,1367.1965897435898,2023-09-26,166.22292307692308,-0.12751282051282053,0.32620820512820514,19.55940641025641,1025.5819064102564,188.612,82.9528717948718,0.47403,C2
166.5,1317.64584375,2023-09-26,166.7365,-0.020062499999999907,0.3201371875,19.5804609375,1025.57921875,188.5723125,82.9678125,0.4720696875,C2
167,1300.0443548387098,2023-09-26,167.23354838709676,-0.025612903225806463,0.31292387096774194,19.554446774193547,1025.5850758064516,188.78767741935485,83.02162903225806,0.4698112903225807,C2
167.5,1281.4652666666666,2023-09-26,167.735,-0.009166666666666597,0.30656933333333336,19.529161666666667,1025.5910683333334,188.98338333333334,83.0679,0.452869,C2
168,1267.3125,2023-09-26,168.2265,0.016535714285714334,0.30047464285714287,19.509753571428572,1025.5951232142856,188.85287499999998,82.97855357142858,0.448195,C2
168.5,1269.2583333333332,2023-09-26,168.7365,0.015433333333333325,0.29204033333333335,19.474665,1025.6053,188.69548333333333,82.85518333333333,0.456533,C2
169,1273.5416666666667,2023-09-26,169.25274074074073,0.0377777777777778,0.28619,19.448068518518518,1025.6135203703705,188.76344444444445,82.84422222222223,0.4310140740740741,C2
169.5,1287.375,2023-09-26,169.75725925925926,0.06025925925925925,0.28062592592592595,19.427825925925926,1025.6186888888888,188.69927777777778,82.78383333333333,0.4251803703703704,C2
170,1301.0833333333333,2023-09-26,170.2624074074074,0.11948148148148144,0.27100703703703705,19.39970740740741,1025.6252518518518,188.53553703703705,82.6677962962963,0.4202962962962963,C2
170.5,1328.69790625,2023-09-26,170.77584375,0.16131250000000003,0.26254781250000003,19.37115,1025.6334609374999,188.410140625,82.568578125,0.4255953125,C2
171,1416.6169104477613,2023-09-26,171.33080597014927,0.045477611940298514,0.26204537313432835,19.290262686567164,1025.6486201492537,188.32500746268656,82.40310447761193,0.43535014925373133,C2
171.5,1412.035828125,2023-09-26,171.67781250000002,-0.15464062500000003,0.25621421875,19.28545078125,1025.65122421875,188.3213515625,82.3942421875,0.44688625,C2
172,1362.4293611111111,2023-09-26,172.23519444444443,-0.060750000000000054,0.2523236111111111,19.317643055555557,1025.6495555555555,188.37820833333333,82.47077777777778,0.4287752777777778,C2
172.5,1351.8914242424241,2023-09-26,172.75554545454546,0.027151515151515218,0.24403666666666668,19.32164696969697,1025.6518045454545,188.52237878787878,82.54062121212121,0.42313212121212124,C2
173,1394.2144705882354,2023-09-26,173.27366911764707,-0.22666176470588237,0.25189323529411767,19.12486286764706,1025.6802783088235,187.52135661764706,81.78970955882353,0.42100345588235294,C2
173.5,1423.531792763158,2023-09-26,173.75524342105263,-0.13762828947368425,0.24042700657894736,19.180724013157896,1025.67389375,187.69985361842106,81.95557730263158,0.4255711184210526,C2
174,1434.1343614864863,2023-09-26,174.23944594594596,-0.05925506756756755,0.23371719594594595,19.19700481418919,1025.6737473817568,187.834875,82.04030489864864,0.4288994087837838,C2
174.5,1429.8209342560554,2023-09-26,174.6894740484429,0.0777179930795848,0.22963543252595156,19.20844429065744,1025.6737765570933,187.85579584775087,82.0673901384083,0.4296232006920416,C2
175,1403.5782869955158,2023-09-26,175.23944394618835,0.23357847533632287,0.2289198206278027,19.118984304932734,1025.6892271300449,187.35618385650224,81.70838116591928,0.41842062780269057,C2
175.5,1363.4395875,2023-09-26,175.6784625,0.26635000000000003,0.2234545,19.145343125,1025.687635,187.79217500000001,81.94116875,0.42133750000000003,C2
176,1362.2826923076923,2023-09-26,176.2485923076923,-0.03671538461538462,0.22102738461538463,19.019714615384615,1025.706775,186.72812692307693,81.27748076923076,0.4217525384615385,C2
176.5,1283.5350454545455,2023-09-26,176.73927272727272,-0.08568181818181808,0.20854295454545455,19.126928409090908,1025.6965647727272,187.8618181818182,81.94329545454545,0.41958113636363636,C2
177,1260.8450625,2023-09-26,177.24484375,-0.07203125000000005,0.2031603125,19.1387140625,1025.6970265625,187.72465625,81.902265625,0.42593875000000003,C2
177.5,1252.3333333333333,2023-09-26,177.74903333333333,-0.05173333333333334,0.19801566666666667,19.126293333333333,1025.6998016666666,187.48615,81.77813333333333,0.4223446666666667,C2
178,1247.358,2023-09-26,178.24355555555556,-0.012592592592592669,0.1931662962962963,19.111587037037037,1025.7028814814814,187.0377962962963,81.55872222222223,0.4022514814814815,C2
178.5,1242.8006071428572,2023-09-26,178.73410714285714,0.056821428571428675,0.18556285714285714,19.079023214285716,1025.7097464285714,186.78489285714286,81.397125,0.39952857142857146,C2
179,1257.3287037037037,2023-09-26,179.23414814814814,0.02670370370370362,0.18492259259259258,19.04550185185185,1025.7088166666667,186.3635925925926,81.1552962962963,0.39329703703703706,C2
179.5,1256.9468275862068,2023-09-26,179.74137931034483,0.08927586206896548,0.17935965517241378,19.00121551724138,1025.7215396551724,186.13787931034483,80.99101724137931,0.39320310344827586,C2
180,1287.5430666666666,2023-09-26,180.24196666666666,-0.007600000000000015,0.17877633333333334,18.944991666666667,1025.7277216666666,185.44435,80.59826666666666,0.40000033333333335,C2
180.5,1295.9444545454546,2023-09-26,180.7419393939394,0.02760606060606063,0.1748721212121212,18.887848484848483,1025.7421318181819,185.65842424242425,80.6045303030303,0.4001536363636364,C2
181,1312.3953170731706,2023-09-26,181.2519756097561,0.004707317073170736,0.17151560975609756,18.809713414634146,1025.761256097561,185.86098780487805,80.57369512195122,0.405879756097561,C2
181.5,1320.8410930232558,2023-09-26,181.74181395348836,-0.0787441860465116,0.16834976744186048,18.84985,1025.7546988372094,185.8893488372093,80.64616279069767,0.3991820930232558,C2
182,1313.7863076923077,2023-09-26,182.23353846153847,-0.22861538461538458,0.1636123076923077,18.837271794871796,1025.7584833333333,186.42565384615384,80.85867948717949,0.4076271794871795,C2
182.5,1283.912037037037,2023-09-26,182.74588888888889,-0.1690740740740741,0.1540837037037037,18.898592592592593,1025.7502944444443,185.96140740740742,80.7527037037037,0.4090362962962963,C2
183,1271.816,2023-09-26,183.2425,-0.13612499999999997,0.150295,18.899152083333334,1025.7525041666668,185.53252083333334,80.56795833333334,0.39056708333333334,C2
183.5,1255.987304347826,2023-09-26,183.75982608695654,-0.02217391304347828,0.1446778260869565,18.89592608695652,1025.7559086956521,185.34467391304347,80.48197826086957,0.38859782608695653,C2
184,1244.402761904762,2023-09-26,184.2552380952381,0.07700000000000001,0.1418695238095238,18.869311904761904,1025.759788095238,185.31209523809525,80.42476190476191,0.38409380952380956,C2
184.5,1250.4583636363636,2023-09-26,184.757,0.022272727272727364,0.13462363636363636,18.83945227272727,1025.7636772727271,184.9519318181818,80.22054545454546,0.3832845454545455,C2
185,1239.0208181818182,2023-09-26,185.26381818181818,0.12336363636363633,0.13238954545454545,18.801720454545453,1025.770075,185.0944090909091,80.22288636363636,0.39294045454545456,C2
185.5,1240.0572916666667,2023-09-26,185.746625,0.099,0.12840375,18.75995208333333,1025.7771062499999,184.93225,80.08739583333333,0.3876691666666667,C2
186,1227.4398148148148,2023-09-26,186.25403703703702,0.158962962962963,0.12831444444444445,18.74074814814815,1025.7855703703704,184.87544444444444,80.03575925925927,0.3874633333333333,C2
186.5,1224.0386785714286,2023-09-26,186.7512142857143,0.12460714285714292,0.12521892857142858,18.719371428571428,1025.7943785714285,184.5865892857143,79.88030357142857,0.3890632142857143,C2
187,1237.9914137931034,2023-09-26,187.2411724137931,-0.015137931034482808,0.1229948275862069,18.680493103448278,1025.8000413793104,184.0804827586207,79.60013793103448,0.38941448275862073,C2
187.5,1229.6321724137931,2023-09-26,187.74396551724138,0.028517241379310325,0.11899379310344828,18.680541379310345,1025.8022948275861,184.09779310344828,79.60812068965517,0.38587793103448276,C2
188,1237.334851851852,2023-09-26,188.24162962962964,-0.010962962962962914,0.11796444444444444,18.636766666666666,1025.8095203703704,184.05992592592594,79.52388888888889,0.3877351851851852,C2
188.5,1251.0016153846154,2023-09-26,188.73226923076922,-0.0750000000000001,0.11999384615384616,18.561984615384617,1025.8238826923077,183.99030769230768,79.37957692307693,0.38419423076923076,C2
189,1246.5077037037038,2023-09-26,189.2358888888889,-0.006185185185185178,0.11635266666666667,18.509094444444443,1025.8389592592594,184.32307407407407,79.44475925925926,0.378512962962963,C2
189.5,1260.3093076923076,2023-09-26,189.74953846153846,-0.06538461538461536,0.11528142307692309,18.427565384615384,1025.853876923077,184.22451923076923,79.27626923076923,0.3782773076923077,C2
190,1260.2259615384614,2023-09-26,190.26803846153845,-0.026384615384615347,0.10988511538461539,18.375898076923075,1025.8611134615385,184.02782692307693,79.10925,0.37320384615384616,C2
190.5,1260.9132083333334,2023-09-26,190.773625,0.006583333333333358,0.11032758333333333,18.339841666666665,1025.8654770833334,183.552375,78.84702083333333,0.37378083333333334,C2
191,1276.8133913043478,2023-09-26,191.2478695652174,-0.09152173913043476,0.10915208695652173,18.293119565217392,1025.8748804347827,182.94765217391304,78.5154347826087,0.38302391304347827,C2
191.5,1269.0528846153845,2023-09-26,191.74203846153847,-0.026192307692307595,0.10445611538461538,18.253473076923076,1025.8814576923078,182.94721153846154,78.45326923076924,0.37658576923076925,C2
192,1274.34168,2023-09-26,192.2488,-0.08756000000000011,0.0997534,18.19514,1025.889976,182.77992,78.29058,0.3739192,C2
192.5,1270.21525,2023-09-26,192.75125,-0.07225000000000004,0.09809016666666667,18.154347916666666,1025.8990791666668,182.5560625,78.13345833333334,0.37530458333333333,C2
193,1255.6159565217392,2023-09-26,193.24808695652175,0.04426086956521735,0.09523947826086956,18.11526304347826,1025.9096891304348,182.5188695652174,78.06013043478261,0.3749008695652174,C2
193.5,1265.7228260869565,2023-09-26,193.74695652173912,-0.06617391304347828,0.09524408695652174,18.047378260869564,1025.9191369565217,181.81878260869564,77.65663043478261,0.36916565217391306,C2
194,1260.1215416666666,2023-09-26,194.25325,-0.03337499999999995,0.08985116666666668,18.030327083333333,1025.9265354166666,180.96164583333334,77.26802083333334,0.3719470833333334,C2
194.5,1240.7534583333334,2023-09-26,194.750875,0.12087499999999987,0.086438125,18.048425,1025.92574375,180.27045833333332,77.0014375,0.37362666666666666,C2
195,1232.7211538461538,2023-09-26,195.2433076923077,0.14007692307692318,0.08209703846153846,18.04203846153846,1025.9276865384616,179.63215384615384,76.72,0.3664419230769231,C2
195.5,1217.2715161290323,2023-09-26,195.74132258064517,0.18203225806451617,0.07728345161290323,18.033767741935485,1025.9320612903225,179.89990322580644,76.82362903225807,0.37398129032258065,C2
196,1227.9291666666666,2023-09-26,196.24156666666667,0.011166666666666696,0.07478526666666667,17.928836666666665,1025.9470983333333,179.6985,76.58055,0.3719173333333333,C2
196.5,1228.1791666666666,2023-09-26,196.76069999999999,-0.003133333333333299,0.07475386666666667,17.854148333333335,1025.9603466666667,179.69935,76.46998333333333,0.370452,C2
197,1237.42832,2023-09-26,197.26424,-0.03419999999999994,0.07064068,17.734436,1025.987732,179.38594,76.16306,0.367618,C2
197.5,1255.51168,2023-09-26,197.75112000000001,-0.11479999999999999,0.07078132,17.589096,1026.0157239999999,178.89198,75.73908,0.3657124,C2
198,1250.9983846153846,2023-09-26,198.26257692307692,-0.035769230769230796,0.06786442307692307,17.5507,1026.0199961538463,179.11894230769232,75.77530769230769,0.36827230769230773,C2
198.5,1255.8351304347825,2023-09-26,198.77395652173914,-0.035217391304347784,0.068152,17.510265217391304,1026.0270739130435,178.74073913043478,75.55476086956521,0.3683708695652174,C2
199,1271.1155454545456,2023-09-26,199.23881818181817,-0.14636363636363633,0.06922186363636364,17.44986590909091,1026.0375227272727,177.7735909090909,75.05611363636363,0.3679636363636364,C2
199.5,1265.279,2023-09-26,199.7278695652174,-0.06634782608695641,0.06468804347826088,17.447141304347827,1026.0398217391305,177.37986956521738,74.886,0.36900782608695654,C2
200,1266.5238095238096,2023-09-26,200.22109523809524,-0.05195238095238081,0.06267690476190477,17.39013095238095,1026.0514333333333,177.06802380952382,74.67040476190476,0.3690909523809524,C2
200.5,1268.9930416666666,2023-09-26,200.73416666666668,-0.0570000000000001,0.06068520833333334,17.292779166666666,1026.07368125,176.972875,74.489125,0.36660458333333334,C2
201,1266.2440476190477,2023-09-26,201.25014285714286,-0.019285714285714236,0.058698523809523805,17.191178571428573,1026.0919666666666,177.24657142857143,74.45280952380952,0.3643809523809524,C2
201.5,1272.3229000000001,2023-09-26,201.71285,-0.07915000000000001,0.0575612,17.12328,1026.0960775,177.001825,74.24425,0.36739900000000003,C2
202,1268.5364583333333,2023-09-26,202.22004166666667,-0.03687500000000014,0.05343775,17.087270833333335,1026.1069729166666,176.82847916666665,74.12125,0.36568875,C2
202.5,1259.4149583333333,2023-09-26,202.75441666666666,0.058499999999999885,0.053063374999999996,17.063852083333334,1026.1147395833334,176.46220833333334,73.9336875,0.3643166666666667,C2
203,1245.7644782608695,2023-09-26,203.25617391304348,0.17908695652173914,0.04909382608695652,17.050478260869564,1026.1183847826087,176.14758695652174,73.78078260869566,0.3656630434782609,C2
203.5,1246.17832,2023-09-26,203.75192,0.12927999999999992,0.04601,17.042606,1026.12109,175.20922,73.37506,0.36849760000000004,C2
204,1238.6898148148148,2023-09-26,204.2484074074074,0.13459259259259257,0.04464688888888889,17.04682037037037,1026.1234425925927,174.56596296296297,73.1117037037037,0.3667077777777778,C2
204.5,1239.625,2023-09-26,204.75493103448275,0.05172413793103453,0.04135472413793103,17.025487931034483,1026.127946551724,173.61260344827588,72.6805172413793,0.36655379310344827,C2
205,1229.6472333333334,2023-09-26,205.24983333333333,0.06786666666666656,0.03938333333333333,17.01048,1026.1334283333333,173.14783333333332,72.46468333333333,0.3708186666666667,C2
205.5,1237.70571875,2023-09-26,205.758,-0.05056250000000006,0.03940378125,16.9705171875,1026.1412796875,173.015109375,72.351671875,0.36469687500000003,C2
206,1221.2381071428572,2023-09-26,206.24714285714285,0.06657142857142859,0.03213307142857143,16.911651785714284,1026.1552535714286,173.94798214285714,72.6585,0.3640764285714286,C2
206.5,1233.228448275862,2023-09-26,206.74110344827585,-0.017034482758620673,0.035490482758620684,16.86898620689655,1026.1563344827587,173.8221724137931,72.5398275862069,0.36377482758620694,C2
207,1239.7006296296297,2023-09-26,207.2430740740741,-0.03829629629629634,0.0315105925925926,16.83812222222222,1026.1623592592593,173.41872222222221,72.32677777777778,0.36155185185185185,C2
207.5,1243.298076923077,2023-09-26,207.74546153846154,-0.02526923076923067,0.03208192307692308,16.8128,1026.1672826923077,173.05996153846155,72.13994230769231,0.3654553846153846,C2
208,1255.5688260869565,2023-09-26,208.2314347826087,-0.0849565217391305,0.03171534782608696,16.77505652173913,1026.1756152173914,172.77939130434783,71.96917391304348,0.3663013043478261,C2
208.5,1263.23332,2023-09-26,208.73032,-0.11216000000000005,0.03156912,16.738722,1026.1824,172.69442,71.88124,0.3677656,C2
209,1264.1594347826087,2023-09-26,209.24752173913043,-0.09304347826086957,0.02829417391304348,16.71582391304348,1026.1890630434782,172.6945652173913,71.84913043478261,0.3642295652173913,C2
209.5,1272.7101304347825,2023-09-26,209.74895652173913,-0.16760869565217387,0.029536208695652176,16.682591304347827,1026.1947456521739,172.52986956521738,71.73210869565217,0.3656639130434783,C2
210,1268.9735,2023-09-26,210.24763636363636,-0.1250454545454546,0.025155886363636363,16.632106818181818,1026.2083431818182,172.59997727272727,71.69163636363636,0.36846500000000004,C2
210.5,1268.8068181818182,2023-09-26,210.7486818181818,-0.11809090909090914,0.024687118181818183,16.575886363636364,1026.2155227272729,172.56172727272727,71.59334090909091,0.3666327272727273,C2
211,1246.0634761904762,2023-09-26,211.24819047619047,0.15876190476190483,0.02188851904761905,16.566316666666665,1026.2212619047618,172.6822619047619,71.63088095238095,0.36019285714285715,C2
211.5,1264.767857142857,2023-09-26,211.7404761904762,-0.04947619047619055,0.02166394285714286,16.51947380952381,1026.226357142857,172.29733333333334,71.40180952380952,0.36333380952380956,C2
212,1246.4692173913043,2023-09-26,212.25273913043478,0.17221739130434777,0.021156382608695654,16.507158695652173,1026.2339217391304,172.21471739130433,71.3520652173913,0.36120347826086957,C2
212.5,1254.9474782608695,2023-09-26,212.7783043478261,0.07447826086956529,0.019137651739173915,16.46831304347826,1026.2441108695652,171.8695652173913,71.15469565217391,0.35992869565217395,C2
213,1254.9057826086957,2023-09-26,213.2802608695652,0.06930434782608688,0.01644829800008696,16.450017391304346,1026.250106521739,171.53691304347825,70.99132608695652,0.36056565217391306,C2
213.5,1246.84668,2023-09-26,213.7734,0.13948000000000008,0.014194294240319998,16.442122,1026.2543719999999,171.29592,70.88084,0.3610244,C2
214,1250.7083076923077,2023-09-26,214.2608076923077,0.07753846153846149,0.014059274308,16.39803076923077,1026.263153846154,171.34238461538462,70.83788461538461,0.36010000000000003,C2
214.5,1238.85678125,2023-09-26,214.76821875,0.1492812500000001,0.01027777062540625,16.3589015625,1026.2719046875,171.538125,70.863859375,0.361950625,C2
215,1238.2347,2023-09-26,215.26153333333332,0.08973333333333343,0.009824746533799998,16.319113333333334,1026.2816016666666,171.7106,70.8797,0.35958333333333337,C2
215.5,1245.02996875,2023-09-26,215.7468125,-0.01493750000000002,0.0072351246253125005,16.2807,1026.2891625,171.700109375,70.820703125,0.36217906250000004,C2
216,1254.1192413793103,2023-09-26,216.24255172413794,-0.10779310344827574,0.01092935848313793,16.263286206896552,1026.289925862069,171.57410344827585,70.74162068965518,0.3639,C2
216.5,1250.8958333333333,2023-09-26,216.74783333333335,-0.089,0.010878384267033336,16.252841666666665,1026.292855,171.39606666666666,70.65298333333334,0.35934,C2
217,1254.56836,2023-09-26,217.25204,-0.13319999999999987,0.00852315984036,16.230084,1026.296408,171.41976,70.62952,0.3601452,C2
217.5,1250.8733846153846,2023-09-26,217.7460769230769,-0.10169230769230768,0.007177130615769231,16.197959615384615,1026.2990788461539,171.54898076923075,70.63476923076924,0.3592542307692308,C2
218,1259.126909090909,2023-09-26,218.24813636363638,-0.19545454545454544,0.008353778545727273,16.132772727272727,1026.3153136363637,171.79995454545454,70.64888636363636,0.35763954545454546,C2
218.5,1246.9076086956522,2023-09-26,218.74808695652175,-0.045826086956521746,0.006192511478695653,16.08775652173913,1026.3219347826087,172.19584782608695,70.74680434782609,0.36040608695652177,C2
219,1255.1329047619047,2023-09-26,219.25914285714285,-0.12866666666666668,0.007251917333714287,16.00942380952381,1026.339457142857,172.38847619047618,70.71711904761905,0.35426428571428575,C2
219.5,1241.8896,2023-09-26,219.7501,0.06064999999999993,0.00749032640035,16.02047,1026.343105,172.4976,70.77955,0.35769100000000004,C2
220,1255.1130952380952,2023-09-26,220.23895238095238,-0.08019047619047615,0.005899694857333334,15.964973809523809,1026.3526785714287,172.36890476190476,70.64738095238096,0.3556595238095238,C2
220.5,1246.6369047619048,2023-09-26,220.74904761904762,0.05909523809523809,0.0049509887623333335,15.964011904761904,1026.35515,172.3097619047619,70.62176190476191,0.3574014285714286,C2
221,1250.875,2023-09-26,221.26431818181817,0.04245454545454554,0.0021515907276363636,15.926445454545455,1026.364640909091,172.17875,70.5160909090909,0.35547727272727275,C2
221.5,1242.907181818182,2023-09-26,221.76413636363637,0.1690909090909091,0.0029080345457727272,15.876425000000001,1026.3815863636364,172.26645454545454,70.48561363636364,0.35514409090909094,C2
222,1243.6545416666668,2023-09-26,222.259625,0.1697500000000001,0.00189535858375,15.75505,1026.4018375,172.4781875,70.40020833333334,0.3553104166666667,C2
222.5,1241.337962962963,2023-09-26,222.7674074074074,0.18044444444444444,0.0010557465189259259,15.694542592592592,1026.4100185185184,172.26651851851852,70.2260925925926,0.3540903703703704,C2
223,1248.0560344827586,2023-09-26,223.2745172413793,0.0820344827586208,0.0024504273106551724,15.640474137931035,1026.4167327586206,171.40744827586207,69.79722413793104,0.3559420689655173,C2
223.5,1251.041642857143,2023-09-26,223.7617857142857,0.011749999999999875,5.942247146785715e-4,15.599316071428571,1026.4266392857144,170.73021428571428,69.46439285714285,0.3579282142857143,C2
224,1256.6930666666667,2023-09-26,224.2527,-0.08233333333333327,6.155508671333332e-4,15.566938333333333,1026.4310233333333,170.5116,69.328716666666665,0.356654,C2
224.5,1254.1188148148149,2023-09-26,224.7482222222222,-0.07407407407407406,3.140754078888889e-4,15.526320370370371,1026.4387537037037,170.69546296296298,69.34677777777777,0.3531414814814815,C2
225,1254.32668,2023-09-26,225.2372,-0.06359999999999999,1.8493232068000003e-4,15.476742,1026.446868,170.88838,69.355,0.3519428,C2
225.5,1254.285,2023-09-26,225.74164,-0.03388000000000003,4.746664006399999e-4,15.409722,1026.457424,171.23762,69.4018,0.35399200000000003,C2
226,1254.24332,2023-09-26,226.24264,-0.009760000000000008,1.1652800600000001e-5,15.349778,1026.476706,171.5154,69.4352,0.3500376,C2
226.5,1254.20168,2023-09-26,226.74196,-0.0041999999999999815,7.737590406e-4,15.310818,1026.486314,171.68048,69.44836,0.35194200000000003,C2
227,1254.16,2023-09-26,227.22604,-0.014160000000000127,2.0181440639999998e-5,15.286948,1026.489154,171.59126,69.37718,0.3519412,C2
227.5,1250.873423076923,2023-09-26,227.7238076923077,0.009038461538461513,1.1204616e-5,15.246307692307692,1026.5013903846154,171.49984615384616,69.28575000000001,0.35263500000000003,C2
228,1254.09832,2023-09-26,228.23448,-0.04300000000000008,1.048752064e-5,15.172758,1026.51398,171.4478,69.16116,0.354432,C2
228.5,1250.8541538461538,2023-09-26,228.74557692307692,-0.008269230769230739,8.963693e-6,15.094282692307692,1026.5265884615385,171.69401923076924,69.1490576923077,0.35376153846153846,C2
229,1250.8541666666667,2023-09-26,229.24483333333333,-0.004375000000000037,7.283000750000001e-6,15.0318875,1026.53976875,171.84270833333332,69.12179166666667,0.3530225,C2
229.5,1245.21875,2023-09-26,229.76035714285715,0.06653571428571438,1.1444714892857142e-5,14.9886625,1026.55005,171.82207142857143,69.05285714285715,0.35204178571428574,C2
230,1250.8940833333334,2023-09-26,230.27183333333335,4.583333333334401e-4,3.6415008749999997e-6,14.955147916666666,1026.557175,171.5895625,68.9111875,0.3518025,C2
230.5,1242.2453703703704,2023-09-26,230.7582962962963,0.10525925925925933,1.0789630259259261e-5,14.954742592592593,1026.5614685185185,171.18835185185185,68.75012962962963,0.35205555555555557,C2
231,1245.439,2023-09-26,231.26225,0.06578571428571418,9.36385782142857e-6,14.914317857142857,1026.5697267857142,171.22348214285714,68.70741071428571,0.35086500000000004,C2
231.5,1248.158962962963,2023-09-26,231.76607407407408,0.03592592592592598,9.710667333333333e-6,14.870007407407407,1026.5777907407407,171.5443148148148,68.77381481481481,0.3538188888888889,C2
232,1253.645103448276,2023-09-26,232.2653448275862,-0.012724137931034414,1.0045517896551725e-5,14.794005172413794,1026.5928327586207,171.9419827586207,68.82793103448276,0.3526596551724138,C2
232.5,1245.9666666666667,2023-09-26,232.77426666666668,0.08279999999999996,7.768534066666667e-6,14.766960000000001,1026.5968983333332,171.80635,68.73453333333333,0.349819,C2
233,1253.626448275862,2023-09-26,233.26455172413793,0.00851724137931041,1.2054621275862069e-5,14.74001551724138,1026.602301724138,172.11025862068965,68.81753448275862,0.3536693103448276,C2
233.5,1246.3801875,2023-09-26,233.757125,0.09546874999999994,1.0924500625e-5,14.738921875,1026.605125,172.368046875,68.919390625,0.35119125,C2
234,1251.0637352941176,2023-09-26,234.26514705882352,0.059264705882352844,1.28523535e-5,14.72747205882353,1026.6091088235294,172.7038088235294,69.03751470588236,0.3504644117647059,C2
234.5,1253.1416571428572,2023-09-26,234.761,0.04262857142857146,1.3317486257142858e-5,14.719628571428572,1026.6119614285715,172.67097142857142,69.01285714285714,0.3507071428571429,C2
235,1244.1954523809525,2023-09-26,235.25261904761905,0.09938095238095238,1.45660005e-5,14.720175,1026.6147095238096,172.27240476190477,68.85483333333333,0.3505166666666667,C2
235.5,1254.677075,2023-09-26,235.749825,-0.01802499999999993,9.467900675e-6,14.69577625,1026.6196,172.6677,68.9779625,0.352565,C2
236,1252.8846153846155,2023-09-26,236.23964102564102,-0.001333333333333323,8.963693e-6,14.681761538461538,1026.6240628205128,172.77515384615384,69.00147435897436,0.3524002564102564,C2
236.5,1256.1402439024391,2023-09-26,236.73429268292682,-0.03285365853658542,1.2079122536585366e-5,14.656037804878048,1026.6302365853658,172.94,69.03153658536586,0.3507558536585366,C2
237,1251,2023-09-26,237.221625,-0.015199999999999986,1.1652800600000001e-5,14.6510725,1026.63217625,172.8835375,69.0014875,0.35155825,C2
237.5,1243.1317906976744,2023-09-26,237.72186046511627,0.03169767441860459,1.2194791279069767e-5,14.648201162790697,1026.6351058139535,173.093988372093,69.08163953488372,0.3511386046511628,C2
238,1246.4457209302325,2023-09-26,238.24223255813953,5.813953488371762e-4,1.0839814581395349e-5,14.636286046511628,1026.6387941860464,173.8480930232558,69.36561627906977,0.3525006976744186,C2
238.5,1243.128048780488,2023-09-26,238.75026829268293,0.06287804878048778,1.2789659097560975e-5,14.637303658536585,1026.6401024390243,174.19246341463415,69.50401219512194,0.3493268292682927,C2
239,1249.8891914893618,2023-09-26,239.25270212765957,0.049106382978723495,8.05778795744681e-6,14.634438297872341,1026.6419276595745,174.45867021276595,69.60563829787235,0.3479865957446809,C2
239.5,1251.2916666666667,2023-09-26,239.75174074074073,0.04546296296296296,1.0250148796296295e-5,14.629785185185185,1026.6451842592592,174.6876388888889,69.69062037037037,0.3480548148148148,C2
240,1242.1616666666666,2023-09-26,240.27042666666668,0.056733333333333344,9.32224068e-6,14.629666,1026.647214,174.74905333333334,69.71475333333333,0.34974546666666667,C2
240.5,1244.1407727272726,2023-09-26,240.77413636363636,0.020742424242424208,7.062303787878788e-6,14.62646893939394,1026.6495757575758,174.81175757575758,69.73503787878788,0.351149393939394,C2
241,1255.341049382716,2023-09-26,241.29524691358026,0.06409876543209873,8.272050098765432e-6,14.61757962962963,1026.651935802469,175.14922839506173,69.85611728395062,0.35259901234567903,C2
241.5,1256.0369264214046,2023-09-26,241.8453846153846,-0.0970969899665552,9.207271586956522e-6,14.598858862876254,1026.656189632107,175.82153177257524,70.09684113712375,0.35002035117056857,C2
242,1238.6829483532938,2023-09-26,242.25231961077844,-0.018273203592814345,9.550761151197605e-6,14.585183008982035,1026.6606445359282,176.08764034431138,70.18370321856287,0.3500757185628743,C2
242.5,1265.1253487394958,2023-09-26,242.70367787114844,0.07177450980392158,1.05266897142857e-5,14.578746358543418,1026.6627298319327,176.14377661064427,70.19629271708683,0.3497820868347339,C2
NA,1276.9861865284975,2023-09-26,243.14447150259068,0.21353886010362694,1.0566010999999999e-5,14.578620725388602,1026.6643813471503,175.86110103626942,70.08327461139896,0.35068113989637306,C2
